-- MySQL dump 10.13  Distrib 5.5.35, for debian-linux-gnu (x86_64)
--
-- Host: localhost    Database: rose
-- ------------------------------------------------------
-- Server version	5.5.35-0ubuntu0.12.04.2

/*!40101 SET @OLD_CHARACTER_SET_CLIENT=@@CHARACTER_SET_CLIENT */;
/*!40101 SET @OLD_CHARACTER_SET_RESULTS=@@CHARACTER_SET_RESULTS */;
/*!40101 SET @OLD_COLLATION_CONNECTION=@@COLLATION_CONNECTION */;
/*!40101 SET NAMES utf8 */;
/*!40103 SET @OLD_TIME_ZONE=@@TIME_ZONE */;
/*!40103 SET TIME_ZONE='+00:00' */;
/*!40014 SET @OLD_UNIQUE_CHECKS=@@UNIQUE_CHECKS, UNIQUE_CHECKS=0 */;
/*!40014 SET @OLD_FOREIGN_KEY_CHECKS=@@FOREIGN_KEY_CHECKS, FOREIGN_KEY_CHECKS=0 */;
/*!40101 SET @OLD_SQL_MODE=@@SQL_MODE, SQL_MODE='NO_AUTO_VALUE_ON_ZERO' */;
/*!40111 SET @OLD_SQL_NOTES=@@SQL_NOTES, SQL_NOTES=0 */;

--
-- Table structure for table `campaign_people`
--

DROP TABLE IF EXISTS `campaign_people`;
/*!40101 SET @saved_cs_client     = @@character_set_client */;
/*!40101 SET character_set_client = utf8 */;
CREATE TABLE `campaign_people` (
  `id` int(11) NOT NULL AUTO_INCREMENT,
  `campaign_id` int(11) DEFAULT NULL,
  `person_id` int(11) DEFAULT NULL,
  `is_contacted` tinyint(1) DEFAULT NULL,
  `note` varchar(255) DEFAULT NULL,
  `created_at` datetime DEFAULT NULL,
  `updated_at` datetime DEFAULT NULL,
  PRIMARY KEY (`id`)
) ENGINE=InnoDB AUTO_INCREMENT=302 DEFAULT CHARSET=utf8;
/*!40101 SET character_set_client = @saved_cs_client */;

--
-- Dumping data for table `campaign_people`
--

LOCK TABLES `campaign_people` WRITE;
/*!40000 ALTER TABLE `campaign_people` DISABLE KEYS */;
INSERT INTO `campaign_people` VALUES (1,1,1,0,NULL,'2014-03-29 09:53:56','2014-03-30 06:05:45'),(2,1,2,NULL,NULL,'2014-03-29 09:53:56','2014-03-29 09:53:56'),(3,1,3,NULL,NULL,'2014-03-29 09:53:56','2014-03-29 09:53:56'),(4,1,4,NULL,NULL,'2014-03-29 09:53:56','2014-03-29 09:53:56'),(5,1,5,NULL,NULL,'2014-03-29 09:53:56','2014-03-29 09:53:56'),(6,1,6,NULL,NULL,'2014-03-29 09:53:56','2014-03-29 09:53:56'),(7,1,7,NULL,NULL,'2014-03-29 09:53:56','2014-03-29 09:53:56'),(8,1,8,NULL,NULL,'2014-03-29 09:53:56','2014-03-29 09:53:56'),(9,1,9,NULL,NULL,'2014-03-29 09:53:56','2014-03-29 09:53:56'),(10,1,10,NULL,NULL,'2014-03-29 09:53:56','2014-03-29 09:53:56'),(11,1,11,NULL,NULL,'2014-03-29 09:53:56','2014-03-29 09:53:56'),(12,1,12,NULL,NULL,'2014-03-29 09:53:56','2014-03-29 09:53:56'),(13,1,13,NULL,NULL,'2014-03-29 09:53:56','2014-03-29 09:53:56'),(14,1,30,NULL,NULL,'2014-03-29 09:53:56','2014-03-29 09:53:56'),(15,1,31,NULL,NULL,'2014-03-29 09:53:56','2014-03-29 09:53:56'),(16,1,32,NULL,NULL,'2014-03-29 09:53:56','2014-03-29 09:53:56'),(17,1,33,NULL,NULL,'2014-03-29 09:53:56','2014-03-29 09:53:56'),(18,1,34,NULL,NULL,'2014-03-29 09:53:56','2014-03-29 09:53:56'),(19,1,35,NULL,NULL,'2014-03-29 09:53:56','2014-03-29 09:53:56'),(20,1,36,NULL,NULL,'2014-03-29 09:53:56','2014-03-29 09:53:56'),(21,1,37,NULL,NULL,'2014-03-29 09:53:56','2014-03-29 09:53:56'),(22,1,38,NULL,NULL,'2014-03-29 09:53:56','2014-03-29 09:53:56'),(23,1,39,NULL,NULL,'2014-03-29 09:53:56','2014-03-29 09:53:56'),(24,1,40,NULL,NULL,'2014-03-29 09:53:56','2014-03-29 09:53:56'),(25,1,41,NULL,NULL,'2014-03-29 09:53:56','2014-03-29 09:53:56'),(26,1,42,NULL,NULL,'2014-03-29 09:53:56','2014-03-29 09:53:56'),(27,1,43,NULL,NULL,'2014-03-29 09:53:56','2014-03-29 09:53:56'),(28,1,44,NULL,NULL,'2014-03-29 09:53:56','2014-03-29 09:53:56'),(29,1,45,NULL,NULL,'2014-03-29 09:53:56','2014-03-29 09:53:56'),(30,1,46,NULL,NULL,'2014-03-29 09:53:56','2014-03-29 09:53:56'),(31,1,47,NULL,NULL,'2014-03-29 09:53:56','2014-03-29 09:53:56'),(32,1,48,NULL,NULL,'2014-03-29 09:53:56','2014-03-29 09:53:56'),(33,1,49,NULL,NULL,'2014-03-29 09:53:56','2014-03-29 09:53:56'),(34,1,50,NULL,NULL,'2014-03-29 09:53:56','2014-03-29 09:53:56'),(35,1,51,NULL,NULL,'2014-03-29 09:53:56','2014-03-29 09:53:56'),(36,1,52,0,'Email đăng kí tại lớp Pro 3: ngolinh125@gmail.com','2014-03-29 09:53:56','2014-03-29 15:25:38'),(37,1,53,NULL,NULL,'2014-03-29 09:53:56','2014-03-29 09:53:56'),(38,1,54,NULL,NULL,'2014-03-29 09:53:56','2014-03-29 09:53:56'),(39,1,55,NULL,NULL,'2014-03-29 09:53:56','2014-03-29 09:53:56'),(40,1,56,NULL,NULL,'2014-03-29 09:53:56','2014-03-29 09:53:56'),(41,1,57,NULL,NULL,'2014-03-29 09:53:56','2014-03-29 09:53:56'),(42,1,58,NULL,NULL,'2014-03-29 09:53:56','2014-03-29 09:53:56'),(43,1,59,NULL,NULL,'2014-03-29 09:53:56','2014-03-29 09:53:56'),(44,1,60,NULL,NULL,'2014-03-29 09:53:56','2014-03-29 09:53:56'),(45,1,61,NULL,NULL,'2014-03-29 09:53:56','2014-03-29 09:53:56'),(46,1,62,NULL,NULL,'2014-03-29 09:53:56','2014-03-29 09:53:56'),(47,1,63,NULL,NULL,'2014-03-29 09:53:56','2014-03-29 09:53:56'),(48,1,64,NULL,NULL,'2014-03-29 09:53:56','2014-03-29 09:53:56'),(49,1,65,NULL,NULL,'2014-03-29 09:53:56','2014-03-29 09:53:56'),(50,1,66,NULL,NULL,'2014-03-29 09:53:56','2014-03-29 09:53:56'),(51,1,67,NULL,NULL,'2014-03-29 09:53:56','2014-03-29 09:53:56'),(52,1,68,NULL,NULL,'2014-03-29 09:53:56','2014-03-29 09:53:56'),(53,1,69,NULL,NULL,'2014-03-29 09:53:56','2014-03-29 09:53:56'),(54,1,70,NULL,NULL,'2014-03-29 09:53:56','2014-03-29 09:53:56'),(55,1,71,NULL,NULL,'2014-03-29 09:53:56','2014-03-29 09:53:56'),(56,1,72,NULL,NULL,'2014-03-29 09:53:56','2014-03-29 09:53:56'),(57,2,94,NULL,'số đt sai','2014-03-29 09:53:56','2014-03-29 09:53:56'),(58,2,95,NULL,'','2014-03-29 09:53:56','2014-03-29 09:53:56'),(59,2,96,NULL,'','2014-03-29 09:53:56','2014-03-29 09:53:56'),(60,2,97,NULL,'Campaign HVNH 011113: sẽ đi','2014-03-29 09:53:56','2014-03-29 09:53:56'),(61,2,98,NULL,'','2014-03-29 09:53:56','2014-03-29 09:53:56'),(62,2,99,NULL,'','2014-03-29 09:53:56','2014-03-29 09:53:56'),(63,2,100,NULL,'Số đt ở lớp Pro 4: 01635058099','2014-03-29 09:53:56','2014-03-29 09:53:56'),(64,2,101,NULL,'','2014-03-29 09:53:56','2014-03-29 09:53:56'),(65,2,102,NULL,'HVNH 011113: có đi + bạn','2014-03-29 09:53:56','2014-03-29 09:53:56'),(66,2,103,NULL,'','2014-03-29 09:53:56','2014-03-29 09:53:56'),(67,2,104,NULL,'HVNH 011113: đăng kí tiềm năng thứ 6 tuần sau','2014-03-29 09:53:56','2014-03-29 09:53:56'),(68,2,105,NULL,'','2014-03-29 09:53:56','2014-03-29 09:53:56'),(69,2,106,NULL,'','2014-03-29 09:53:56','2014-03-29 09:53:56'),(70,2,107,NULL,'','2014-03-29 09:53:56','2014-03-29 09:53:56'),(71,2,108,NULL,'','2014-03-29 09:53:56','2014-03-29 09:53:56'),(72,2,109,NULL,'','2014-03-29 09:53:56','2014-03-29 09:53:56'),(73,2,110,NULL,'HVNH 011113: có đi+ bạn-','2014-03-29 09:53:56','2014-03-29 09:53:56'),(74,2,111,NULL,'','2014-03-29 09:53:56','2014-03-29 09:53:56'),(75,2,112,NULL,'','2014-03-29 09:53:56','2014-03-29 09:53:56'),(76,2,113,NULL,'HVNH 011113: đã đi 12/11','2014-03-29 09:53:56','2014-03-29 09:53:56'),(77,2,114,NULL,'','2014-03-29 09:53:56','2014-03-29 09:53:56'),(78,2,115,NULL,'','2014-03-29 09:53:56','2014-03-29 09:53:56'),(79,2,116,NULL,'HVNH 011113: có đi','2014-03-29 09:53:56','2014-03-29 09:53:56'),(80,2,117,NULL,'HVNH 011113: thứ 2 tuần sau','2014-03-29 09:53:56','2014-03-29 09:53:56'),(81,2,118,NULL,'','2014-03-29 09:53:56','2014-03-29 09:53:56'),(82,2,119,NULL,'HVNH 011113: có đi','2014-03-29 09:53:56','2014-03-29 09:53:56'),(83,2,120,NULL,'','2014-03-29 09:53:56','2014-03-29 09:53:56'),(84,2,121,NULL,'','2014-03-29 09:53:56','2014-03-29 09:53:56'),(85,2,122,NULL,'HVNH 011113: thứ 2 tuần sau','2014-03-29 09:53:56','2014-03-29 09:53:56'),(86,2,123,NULL,'','2014-03-29 09:53:57','2014-03-29 09:53:57'),(87,2,124,NULL,'','2014-03-29 09:53:57','2014-03-29 09:53:57'),(88,2,125,NULL,'','2014-03-29 09:53:57','2014-03-29 09:53:57'),(89,2,126,NULL,'HVNH 011113: đã đến đây...ok','2014-03-29 09:53:57','2014-03-29 09:53:57'),(90,2,127,NULL,'','2014-03-29 09:53:57','2014-03-29 09:53:57'),(91,2,128,NULL,'HVNH 011113: có đi','2014-03-29 09:53:57','2014-03-29 09:53:57'),(92,2,129,NULL,'HVNH 011113: hẹn hôm khác (chưa rõ)','2014-03-29 09:53:57','2014-03-29 09:53:57'),(93,2,130,NULL,'','2014-03-29 09:53:57','2014-03-29 09:53:57'),(94,2,131,NULL,'','2014-03-29 09:53:57','2014-03-29 09:53:57'),(95,2,132,NULL,'','2014-03-29 09:53:57','2014-03-29 09:53:57'),(96,2,133,NULL,'','2014-03-29 09:53:57','2014-03-29 09:53:57'),(97,2,134,NULL,'HVNH 011113: t2','2014-03-29 09:53:57','2014-03-29 09:53:57'),(98,2,135,NULL,'','2014-03-29 09:53:57','2014-03-29 09:53:57'),(99,2,136,NULL,'','2014-03-29 09:53:57','2014-03-29 09:53:57'),(100,2,137,NULL,'','2014-03-29 09:53:57','2014-03-29 09:53:57'),(101,2,138,NULL,'','2014-03-29 09:53:57','2014-03-29 09:53:57'),(102,2,139,NULL,'','2014-03-29 09:53:57','2014-03-29 09:53:57'),(103,2,140,NULL,'','2014-03-29 09:53:57','2014-03-29 09:53:57'),(104,2,141,NULL,'','2014-03-29 09:53:57','2014-03-29 09:53:57'),(105,2,142,NULL,'','2014-03-29 09:53:57','2014-03-29 09:53:57'),(106,2,143,NULL,'','2014-03-29 09:53:57','2014-03-29 09:53:57'),(107,2,144,NULL,'','2014-03-29 09:53:57','2014-03-29 09:53:57'),(108,2,145,NULL,'','2014-03-29 09:53:57','2014-03-29 09:53:57'),(109,2,146,NULL,'HVNH 011113: t2','2014-03-29 09:53:57','2014-03-29 09:53:57'),(110,2,147,NULL,'','2014-03-29 09:53:57','2014-03-29 09:53:57'),(111,2,148,NULL,'','2014-03-29 09:53:57','2014-03-29 09:53:57'),(112,2,149,NULL,'HVNH 011113: có','2014-03-29 09:53:57','2014-03-29 09:53:57'),(113,2,150,NULL,'','2014-03-29 09:53:57','2014-03-29 09:53:57'),(114,2,151,NULL,'','2014-03-29 09:53:57','2014-03-29 09:53:57'),(115,2,152,NULL,'','2014-03-29 09:53:57','2014-03-29 09:53:57'),(116,2,153,NULL,'','2014-03-29 09:53:57','2014-03-29 09:53:57'),(117,2,154,NULL,'','2014-03-29 09:53:57','2014-03-29 09:53:57'),(118,2,155,NULL,'','2014-03-29 09:53:57','2014-03-29 09:53:57'),(119,2,156,NULL,'','2014-03-29 09:53:57','2014-03-29 09:53:57'),(120,2,157,NULL,'','2014-03-29 09:53:57','2014-03-29 09:53:57'),(121,2,158,NULL,'','2014-03-29 09:53:57','2014-03-29 09:53:57'),(122,2,159,NULL,'','2014-03-29 09:53:57','2014-03-29 09:53:57'),(123,2,160,NULL,'','2014-03-29 09:53:57','2014-03-29 09:53:57'),(124,2,161,NULL,'HVNH 011113: có đi','2014-03-29 09:53:57','2014-03-29 09:53:57'),(125,2,162,NULL,'','2014-03-29 09:53:57','2014-03-29 09:53:57'),(126,2,163,NULL,'','2014-03-29 09:53:57','2014-03-29 09:53:57'),(127,2,164,NULL,'','2014-03-29 09:53:57','2014-03-29 09:53:57'),(128,2,165,NULL,'','2014-03-29 09:53:57','2014-03-29 09:53:57'),(129,2,166,NULL,'','2014-03-29 09:53:57','2014-03-29 09:53:57'),(130,2,167,NULL,'','2014-03-29 09:53:57','2014-03-29 09:53:57'),(131,2,168,NULL,'','2014-03-29 09:53:57','2014-03-29 09:53:57'),(132,2,169,NULL,'','2014-03-29 09:53:57','2014-03-29 09:53:57'),(133,2,170,NULL,'','2014-03-29 09:53:57','2014-03-29 09:53:57'),(134,2,171,NULL,'','2014-03-29 09:53:57','2014-03-29 09:53:57'),(135,2,172,NULL,'','2014-03-29 09:53:57','2014-03-29 09:53:57'),(136,2,173,NULL,'','2014-03-29 09:53:57','2014-03-29 09:53:57'),(137,2,174,NULL,'','2014-03-29 09:53:57','2014-03-29 09:53:57'),(138,2,175,NULL,'','2014-03-29 09:53:57','2014-03-29 09:53:57'),(139,2,176,NULL,'','2014-03-29 09:53:57','2014-03-29 09:53:57'),(140,2,177,NULL,'','2014-03-29 09:53:57','2014-03-29 09:53:57'),(141,2,178,NULL,'','2014-03-29 09:53:57','2014-03-29 09:53:57'),(142,2,179,NULL,'','2014-03-29 09:53:57','2014-03-29 09:53:57'),(143,2,180,NULL,'','2014-03-29 09:53:57','2014-03-29 09:53:57'),(144,2,181,NULL,'','2014-03-29 09:53:57','2014-03-29 09:53:57'),(145,2,182,NULL,'','2014-03-29 09:53:57','2014-03-29 09:53:57'),(146,2,183,NULL,'trùng số đt với người khác (0978724042, Trần Thị Ngọc Lan)','2014-03-29 09:53:57','2014-03-29 09:53:57'),(147,2,184,NULL,'','2014-03-29 09:53:57','2014-03-29 09:53:57'),(148,2,185,NULL,'','2014-03-29 09:53:57','2014-03-29 09:53:57'),(149,2,186,NULL,'','2014-03-29 09:53:57','2014-03-29 09:53:57'),(150,2,187,NULL,'','2014-03-29 09:53:57','2014-03-29 09:53:57'),(151,2,188,NULL,'HVNH 011113: k tham gia','2014-03-29 09:53:57','2014-03-29 09:53:57'),(152,2,189,NULL,'HVNH 011113: có đi','2014-03-29 09:53:57','2014-03-29 09:53:57'),(153,2,190,NULL,'HVNH 011113: có đi','2014-03-29 09:53:57','2014-03-29 09:53:57'),(154,2,191,NULL,'HVNH 011113: thứ 6 mí đi','2014-03-29 09:53:57','2014-03-29 09:53:57'),(155,2,192,NULL,'','2014-03-29 09:53:57','2014-03-29 09:53:57'),(156,2,193,NULL,'','2014-03-29 09:53:57','2014-03-29 09:53:57'),(157,2,194,NULL,'','2014-03-29 09:53:57','2014-03-29 09:53:57'),(158,2,195,NULL,'','2014-03-29 09:53:57','2014-03-29 09:53:57'),(159,2,196,NULL,'','2014-03-29 09:53:57','2014-03-29 09:53:57'),(160,2,197,NULL,'','2014-03-29 09:53:57','2014-03-29 09:53:57'),(161,2,198,NULL,'','2014-03-29 09:53:57','2014-03-29 09:53:57'),(162,2,199,NULL,'','2014-03-29 09:53:57','2014-03-29 09:53:57'),(163,2,200,NULL,'','2014-03-29 09:53:57','2014-03-29 09:53:57'),(164,3,201,NULL,'','2014-03-29 09:53:57','2014-03-29 09:53:57'),(165,3,202,NULL,'','2014-03-29 09:53:57','2014-03-29 09:53:57'),(166,3,203,NULL,'','2014-03-29 09:53:57','2014-03-29 09:53:57'),(167,3,204,NULL,'','2014-03-29 09:53:57','2014-03-29 09:53:57'),(168,3,205,NULL,'HVNH 041113: điều kiện DK: t3','2014-03-29 09:53:57','2014-03-29 09:53:57'),(169,3,206,NULL,'','2014-03-29 09:53:57','2014-03-29 09:53:57'),(170,3,207,NULL,'HVNH 041113: có đi','2014-03-29 09:53:57','2014-03-29 09:53:57'),(171,3,208,NULL,'','2014-03-29 09:53:57','2014-03-29 09:53:57'),(172,3,209,NULL,'HVNH 041113: có đi','2014-03-29 09:53:57','2014-03-29 09:53:57'),(173,3,210,NULL,'HVNH 041113: điều kiện DK: t3','2014-03-29 09:53:57','2014-03-29 09:53:57'),(174,3,211,NULL,'','2014-03-29 09:53:57','2014-03-29 09:53:57'),(175,3,212,NULL,'','2014-03-29 09:53:57','2014-03-29 09:53:57'),(176,3,213,NULL,'','2014-03-29 09:53:57','2014-03-29 09:53:57'),(177,3,214,NULL,'','2014-03-29 09:53:57','2014-03-29 09:53:57'),(178,3,215,NULL,'','2014-03-29 09:53:57','2014-03-29 09:53:57'),(179,3,216,NULL,'','2014-03-29 09:53:57','2014-03-29 09:53:57'),(180,3,217,NULL,'','2014-03-29 09:53:57','2014-03-29 09:53:57'),(181,3,218,NULL,'','2014-03-29 09:53:57','2014-03-29 09:53:57'),(182,3,219,NULL,'','2014-03-29 09:53:57','2014-03-29 09:53:57'),(183,3,220,NULL,'','2014-03-29 09:53:57','2014-03-29 09:53:57'),(184,3,221,NULL,'','2014-03-29 09:53:57','2014-03-29 09:53:57'),(185,3,222,NULL,'','2014-03-29 09:53:57','2014-03-29 09:53:57'),(186,3,223,NULL,'','2014-03-29 09:53:57','2014-03-29 09:53:57'),(187,3,224,NULL,'','2014-03-29 09:53:57','2014-03-29 09:53:57'),(188,3,225,NULL,'','2014-03-29 09:53:57','2014-03-29 09:53:57'),(189,4,237,0,'HVNH 081113: Đăng ký học thử (t3 11/12)','2014-03-29 09:53:57','2014-03-29 09:57:41'),(190,4,238,NULL,'HVNH 081113: Đăng ký học thử : đến muộn','2014-03-29 09:53:57','2014-03-29 09:53:57'),(192,4,240,NULL,'','2014-03-29 09:53:57','2014-03-29 09:53:57'),(193,4,241,NULL,'','2014-03-29 09:53:57','2014-03-29 09:53:57'),(194,4,242,NULL,'','2014-03-29 09:53:57','2014-03-29 09:53:57'),(195,4,243,NULL,'','2014-03-29 09:53:57','2014-03-29 09:53:57'),(196,4,244,NULL,'','2014-03-29 09:53:57','2014-03-29 09:53:57'),(197,4,245,NULL,'HVNH 081113: Đăng ký học thử','2014-03-29 09:53:57','2014-03-29 09:53:57'),(198,4,246,NULL,'','2014-03-29 09:53:57','2014-03-29 09:53:57'),(199,4,247,NULL,'HVNH 081113: Đăng Ký tiềm năng: t7','2014-03-29 09:53:57','2014-03-29 09:53:57'),(200,4,248,NULL,'','2014-03-29 09:53:57','2014-03-29 09:53:57'),(201,4,249,NULL,'','2014-03-29 09:53:57','2014-03-29 09:53:57'),(202,4,250,NULL,'HVNH 081113: Đăng Ký tiềm năng: t7','2014-03-29 09:53:57','2014-03-29 09:53:57'),(203,4,251,NULL,'','2014-03-29 09:53:57','2014-03-29 09:53:57'),(204,4,252,NULL,'','2014-03-29 09:53:57','2014-03-29 09:53:57'),(205,4,253,NULL,'','2014-03-29 09:53:57','2014-03-29 09:53:57'),(206,4,254,NULL,'','2014-03-29 09:53:57','2014-03-29 09:53:57'),(207,4,255,NULL,'','2014-03-29 09:53:57','2014-03-29 09:53:57'),(208,4,256,NULL,'','2014-03-29 09:53:57','2014-03-29 09:53:57'),(209,4,257,NULL,'','2014-03-29 09:53:57','2014-03-29 09:53:57'),(210,4,258,NULL,'','2014-03-29 09:53:57','2014-03-29 09:53:57'),(211,4,259,NULL,'','2014-03-29 09:53:57','2014-03-29 09:53:57'),(212,4,260,NULL,'','2014-03-29 09:53:57','2014-03-29 09:53:57'),(213,4,261,NULL,'','2014-03-29 09:53:57','2014-03-29 09:53:57'),(214,4,262,NULL,'','2014-03-29 09:53:57','2014-03-29 09:53:57'),(215,4,263,NULL,'','2014-03-29 09:53:57','2014-03-29 09:53:57'),(216,4,264,NULL,'HVNH 081113: Đăng Ký tiềm năng: t7','2014-03-29 09:53:57','2014-03-29 09:53:57'),(217,4,265,NULL,'HVNH 081113: Đăng Ký tiềm năng: t7','2014-03-29 09:53:57','2014-03-29 09:53:57'),(218,4,266,NULL,'','2014-03-29 09:53:57','2014-03-29 09:53:57'),(219,4,267,NULL,'','2014-03-29 09:53:57','2014-03-29 09:53:57'),(220,4,268,NULL,'','2014-03-29 09:53:57','2014-03-29 09:53:57'),(221,4,269,NULL,'','2014-03-29 09:53:57','2014-03-29 09:53:57'),(222,4,270,NULL,'HVNH 081113: Đăng ký học thử','2014-03-29 09:53:57','2014-03-29 09:53:57'),(223,4,271,NULL,'HVNH 081113: Đăng ký học thử','2014-03-29 09:53:57','2014-03-29 09:53:57'),(224,4,239,NULL,'HVNH 081113: Đăng ký học thử','2014-03-29 16:25:02','2014-03-29 16:25:02'),(225,5,272,NULL,'','2014-03-29 16:53:32','2014-03-30 06:17:06'),(226,5,273,NULL,'','2014-03-29 16:56:24','2014-03-30 06:17:06'),(227,5,274,NULL,'Tối','2014-03-29 17:00:51','2014-03-30 06:17:06'),(228,5,275,NULL,'Tối','2014-03-29 17:01:48','2014-03-30 06:17:06'),(229,5,276,NULL,'Sáng','2014-03-29 17:07:53','2014-03-30 06:17:06'),(230,5,277,NULL,'Tối','2014-03-29 17:09:12','2014-03-29 17:09:12'),(231,5,278,NULL,'Sáng','2014-03-29 17:38:08','2014-03-29 17:38:08'),(232,5,279,NULL,'Tối','2014-03-29 17:39:01','2014-03-29 17:39:01'),(233,5,280,NULL,'Sáng','2014-03-29 17:40:01','2014-03-29 17:40:01'),(234,5,281,NULL,'Sáng','2014-03-29 17:41:39','2014-03-29 17:41:39'),(235,5,282,NULL,'Chiều','2014-03-29 17:42:36','2014-03-29 17:42:36'),(236,5,283,NULL,'Sáng','2014-03-29 17:46:28','2014-03-29 17:46:28'),(237,5,284,NULL,'Chiều','2014-03-29 17:50:18','2014-03-30 06:17:06'),(238,5,285,NULL,'Chiều','2014-03-29 17:51:09','2014-03-29 17:51:09'),(239,5,286,NULL,'Chiều','2014-03-29 17:52:17','2014-03-30 06:17:06'),(240,5,287,NULL,'Sáng, Tối','2014-03-29 17:53:56','2014-03-29 17:53:56'),(241,5,288,NULL,'Tối','2014-03-29 17:55:14','2014-03-30 06:17:06'),(242,5,289,NULL,'Tối','2014-03-29 17:56:08','2014-03-30 06:17:06'),(243,5,290,NULL,'Sáng','2014-03-29 17:57:47','2014-03-29 17:57:47'),(263,6,291,0,'','2014-04-04 03:46:39','2014-04-04 03:50:53'),(264,6,292,NULL,'','2014-04-04 03:47:01','2014-04-04 03:47:01'),(265,6,293,NULL,'','2014-04-04 03:47:38','2014-04-04 03:47:38'),(266,6,294,NULL,'','2014-04-04 03:48:13','2014-04-04 03:48:13'),(267,6,295,NULL,'','2014-04-04 03:48:35','2014-04-04 03:48:35'),(268,6,296,NULL,'','2014-04-04 03:50:09','2014-04-04 03:50:09'),(269,6,297,NULL,'','2014-04-04 03:50:37','2014-04-04 03:50:37'),(270,6,298,NULL,'','2014-04-04 03:51:37','2014-04-04 03:51:37'),(271,6,299,NULL,'','2014-04-04 03:55:14','2014-04-04 03:55:14'),(272,6,300,NULL,'','2014-04-04 03:55:36','2014-04-04 03:55:36'),(273,6,301,NULL,'','2014-04-04 03:59:33','2014-04-04 03:59:33'),(274,6,302,NULL,'','2014-04-04 03:59:53','2014-04-04 03:59:53'),(275,6,303,NULL,'','2014-04-04 04:00:13','2014-04-04 04:00:13'),(276,6,304,NULL,'','2014-04-04 04:02:00','2014-04-04 04:02:00'),(277,6,305,NULL,'','2014-04-04 04:07:16','2014-04-04 04:07:16'),(278,6,306,NULL,'','2014-04-04 04:07:36','2014-04-04 04:07:36'),(279,6,307,NULL,'','2014-04-04 04:11:13','2014-04-04 04:11:13'),(280,6,308,NULL,'','2014-04-04 04:11:34','2014-04-04 04:11:34'),(281,6,309,NULL,'','2014-04-04 04:11:54','2014-04-04 04:11:54'),(282,6,310,NULL,'','2014-04-04 04:12:44','2014-04-04 04:12:44'),(283,6,311,NULL,'','2014-04-04 04:13:04','2014-04-04 04:13:04'),(284,6,312,NULL,'','2014-04-04 04:14:27','2014-04-04 04:14:27'),(285,6,313,NULL,'','2014-04-04 04:14:46','2014-04-04 04:14:46'),(286,6,314,NULL,'','2014-04-04 04:15:10','2014-04-04 04:15:10'),(287,6,315,NULL,'','2014-04-04 04:15:29','2014-04-04 04:15:29'),(288,7,295,1,'Appeared in campaign FTU 141113','2014-04-04 07:53:48','2014-04-04 07:54:52'),(289,7,302,1,'Appeared in campaign FTU 141113','2014-04-04 07:55:58','2014-04-04 07:56:05'),(290,7,316,1,'','2014-04-04 07:56:31','2014-04-04 07:56:31'),(291,7,317,NULL,NULL,'2014-04-04 08:13:56','2014-04-04 08:13:56'),(293,7,318,1,'','2014-04-04 08:29:38','2014-04-04 08:29:38'),(294,7,301,1,'Appeared in campaign FTU 141113','2014-04-04 08:32:58','2014-04-04 08:33:06'),(295,7,319,NULL,'','2014-04-04 08:33:36','2014-04-04 08:33:36'),(296,7,320,1,'đã đi t5 (Mr.Quân)','2014-04-04 09:38:32','2014-04-04 09:38:32'),(297,7,307,1,'Appeared in campaign FTU 141113. <br>FTU 141113: name: Trần Thị Thu Hiền, email: shinchunis@gmail.com.<br>t5','2014-04-04 09:40:07','2014-04-04 09:55:46'),(298,7,321,1,'t5','2014-04-04 09:44:15','2014-04-04 09:44:15'),(299,7,322,1,'t5','2014-04-04 09:45:19','2014-04-04 09:45:19'),(300,7,83,1,'','2014-04-04 09:47:33','2014-04-04 09:47:55'),(301,7,304,1,'Appeared in campaign FTU 141113.<br>FTU 141113: email: quanganhdungcam95@gmail.com.<br>t5 (Mr.Hiệp)','2014-04-04 09:48:59','2014-04-04 09:55:23');
/*!40000 ALTER TABLE `campaign_people` ENABLE KEYS */;
UNLOCK TABLES;

--
-- Table structure for table `campaign_staffs`
--

DROP TABLE IF EXISTS `campaign_staffs`;
/*!40101 SET @saved_cs_client     = @@character_set_client */;
/*!40101 SET character_set_client = utf8 */;
CREATE TABLE `campaign_staffs` (
  `id` int(11) NOT NULL AUTO_INCREMENT,
  `campaign_id` int(11) DEFAULT NULL,
  `staff_id` int(11) DEFAULT NULL,
  `created_at` datetime DEFAULT NULL,
  `updated_at` datetime DEFAULT NULL,
  PRIMARY KEY (`id`)
) ENGINE=InnoDB AUTO_INCREMENT=7 DEFAULT CHARSET=utf8;
/*!40101 SET character_set_client = @saved_cs_client */;

--
-- Dumping data for table `campaign_staffs`
--

LOCK TABLES `campaign_staffs` WRITE;
/*!40000 ALTER TABLE `campaign_staffs` DISABLE KEYS */;
INSERT INTO `campaign_staffs` VALUES (1,4,3,'2014-03-28 05:24:59','2014-03-28 05:24:59'),(2,4,4,'2014-03-28 05:24:59','2014-03-28 05:24:59'),(3,5,3,'2014-03-29 16:48:00','2014-03-29 16:48:00'),(4,6,2,'2014-04-04 03:46:08','2014-04-04 03:46:08'),(5,6,3,'2014-04-04 03:46:08','2014-04-04 03:46:08'),(6,7,3,'2014-04-04 04:16:51','2014-04-04 04:16:51');
/*!40000 ALTER TABLE `campaign_staffs` ENABLE KEYS */;
UNLOCK TABLES;

--
-- Table structure for table `campaigns`
--

DROP TABLE IF EXISTS `campaigns`;
/*!40101 SET @saved_cs_client     = @@character_set_client */;
/*!40101 SET character_set_client = utf8 */;
CREATE TABLE `campaigns` (
  `id` int(11) NOT NULL AUTO_INCREMENT,
  `name` varchar(255) DEFAULT NULL,
  `date` datetime DEFAULT NULL,
  `location` varchar(255) DEFAULT NULL,
  `created_at` datetime DEFAULT NULL,
  `updated_at` datetime DEFAULT NULL,
  `description` varchar(255) DEFAULT NULL,
  PRIMARY KEY (`id`)
) ENGINE=InnoDB AUTO_INCREMENT=8 DEFAULT CHARSET=utf8;
/*!40101 SET character_set_client = @saved_cs_client */;

--
-- Dumping data for table `campaigns`
--

LOCK TABLES `campaigns` WRITE;
/*!40000 ALTER TABLE `campaigns` DISABLE KEYS */;
INSERT INTO `campaigns` VALUES (1,'HVBC-TT 281013','2013-10-28 00:00:00','Học viện Báo chí - Tuyên truyền','2014-03-24 10:26:32','2014-03-24 10:26:32',NULL),(2,'HVNH 011113','2013-11-01 00:00:00','Học viện Ngân hàng','2014-03-24 14:42:06','2014-03-24 14:42:06',NULL),(3,'HVNH 041113','2013-11-04 00:00:00','Học viện Ngân hàng','2014-03-28 03:30:11','2014-03-28 03:30:11',NULL),(4,'HVNH 081113','2013-11-08 00:00:00','Học viện Ngân hàng','2014-03-28 05:24:59','2014-03-28 05:24:59',NULL),(5,'DSDK Demo DH Luat 250314','2014-03-25 00:00:00','DH Luat','2014-03-29 16:48:00','2014-03-30 06:36:27',NULL),(6,'FTU 141113','2013-11-14 00:00:00','ĐH Ngoại Thương','2014-04-04 03:46:08','2014-04-04 04:16:18',NULL),(7,'FTU 211113','2013-11-21 00:00:00','ĐH Ngoại Thương','2014-04-04 04:16:51','2014-04-04 04:16:51',NULL);
/*!40000 ALTER TABLE `campaigns` ENABLE KEYS */;
UNLOCK TABLES;

--
-- Table structure for table `klasses`
--

DROP TABLE IF EXISTS `klasses`;
/*!40101 SET @saved_cs_client     = @@character_set_client */;
/*!40101 SET character_set_client = utf8 */;
CREATE TABLE `klasses` (
  `id` int(11) NOT NULL AUTO_INCREMENT,
  `name` varchar(255) DEFAULT NULL,
  `start_date` datetime DEFAULT NULL,
  `end_date` datetime DEFAULT NULL,
  `created_at` datetime DEFAULT NULL,
  `updated_at` datetime DEFAULT NULL,
  `status` varchar(255) DEFAULT NULL,
  PRIMARY KEY (`id`)
) ENGINE=InnoDB AUTO_INCREMENT=4 DEFAULT CHARSET=utf8;
/*!40101 SET character_set_client = @saved_cs_client */;

--
-- Dumping data for table `klasses`
--

LOCK TABLES `klasses` WRITE;
/*!40000 ALTER TABLE `klasses` DISABLE KEYS */;
INSERT INTO `klasses` VALUES (1,'Pro 2','2013-10-28 00:00:00',NULL,'2014-03-24 10:50:03','2014-03-28 09:34:14','Finish'),(2,'Pro 3',NULL,NULL,'2014-03-24 14:56:08','2014-03-24 14:56:08',NULL),(3,'Pro 4',NULL,NULL,'2014-03-28 04:04:35','2014-03-28 04:04:35',NULL);
/*!40000 ALTER TABLE `klasses` ENABLE KEYS */;
UNLOCK TABLES;

--
-- Table structure for table `lectures`
--

DROP TABLE IF EXISTS `lectures`;
/*!40101 SET @saved_cs_client     = @@character_set_client */;
/*!40101 SET character_set_client = utf8 */;
CREATE TABLE `lectures` (
  `id` int(11) NOT NULL AUTO_INCREMENT,
  `name` varchar(255) DEFAULT NULL,
  `start_time` datetime DEFAULT NULL,
  `finish_time` datetime DEFAULT NULL,
  `klass_id` int(11) DEFAULT NULL,
  `status` varchar(255) DEFAULT NULL,
  `created_at` datetime DEFAULT NULL,
  `updated_at` datetime DEFAULT NULL,
  PRIMARY KEY (`id`)
) ENGINE=InnoDB DEFAULT CHARSET=utf8;
/*!40101 SET character_set_client = @saved_cs_client */;

--
-- Dumping data for table `lectures`
--

LOCK TABLES `lectures` WRITE;
/*!40000 ALTER TABLE `lectures` DISABLE KEYS */;
/*!40000 ALTER TABLE `lectures` ENABLE KEYS */;
UNLOCK TABLES;

--
-- Table structure for table `m_days`
--

DROP TABLE IF EXISTS `m_days`;
/*!40101 SET @saved_cs_client     = @@character_set_client */;
/*!40101 SET character_set_client = utf8 */;
CREATE TABLE `m_days` (
  `id` int(11) NOT NULL AUTO_INCREMENT,
  `name` varchar(255) DEFAULT NULL,
  `short_name` varchar(255) DEFAULT NULL,
  `short_name_vi` varchar(255) DEFAULT NULL,
  `created_at` datetime DEFAULT NULL,
  `updated_at` datetime DEFAULT NULL,
  PRIMARY KEY (`id`)
) ENGINE=InnoDB AUTO_INCREMENT=8 DEFAULT CHARSET=utf8;
/*!40101 SET character_set_client = @saved_cs_client */;

--
-- Dumping data for table `m_days`
--

LOCK TABLES `m_days` WRITE;
/*!40000 ALTER TABLE `m_days` DISABLE KEYS */;
INSERT INTO `m_days` VALUES (1,'Sunday','Sun','CN','2014-03-24 10:27:37','2014-03-24 10:27:37'),(2,'Monday','Mon','T2','2014-03-24 10:27:37','2014-03-24 10:27:37'),(3,'Tuesday','Tue','T3','2014-03-24 10:27:37','2014-03-24 10:27:37'),(4,'Wednesday','Wed','T4','2014-03-24 10:27:37','2014-03-24 10:27:37'),(5,'Thursday','Thu','T5','2014-03-24 10:27:37','2014-03-24 10:27:37'),(6,'Friday','Fri','T6','2014-03-24 10:27:37','2014-03-24 10:27:37'),(7,'Saturday','Sat','T7','2014-03-24 10:27:37','2014-03-24 10:27:37');
/*!40000 ALTER TABLE `m_days` ENABLE KEYS */;
UNLOCK TABLES;

--
-- Table structure for table `people`
--

DROP TABLE IF EXISTS `people`;
/*!40101 SET @saved_cs_client     = @@character_set_client */;
/*!40101 SET character_set_client = utf8 */;
CREATE TABLE `people` (
  `id` int(11) NOT NULL AUTO_INCREMENT,
  `name` varchar(255) DEFAULT NULL,
  `email` varchar(255) DEFAULT NULL,
  `phone` varchar(255) DEFAULT NULL,
  `type` varchar(255) DEFAULT NULL,
  `gender` varchar(255) DEFAULT NULL,
  `join_date` datetime DEFAULT NULL,
  `created_at` datetime DEFAULT NULL,
  `updated_at` datetime DEFAULT NULL,
  `note` varchar(255) DEFAULT NULL,
  PRIMARY KEY (`id`)
) ENGINE=InnoDB AUTO_INCREMENT=323 DEFAULT CHARSET=utf8;
/*!40101 SET character_set_client = @saved_cs_client */;

--
-- Dumping data for table `people`
--

LOCK TABLES `people` WRITE;
/*!40000 ALTER TABLE `people` DISABLE KEYS */;
INSERT INTO `people` VALUES (1,'Tạ Thị Hương','','01659321680','',NULL,NULL,'2014-03-24 10:27:18','2014-03-30 05:49:52',''),(2,'Nguyễn Thị Trang','trangnguyen3694@gmail.com','01686526331','',NULL,NULL,'2014-03-24 10:28:28','2014-03-24 10:28:28',NULL),(3,'Nguyễn Thị Việt Anh','scarlett.kyu@gmail.com','01648607724','',NULL,NULL,'2014-03-24 10:30:16','2014-03-24 10:30:16',NULL),(4,'Đỗ Thế Hương','','01659933554','',NULL,NULL,'2014-03-24 10:31:35','2014-03-24 10:31:35',NULL),(5,'Hà Hương Giang','hahuonggiang1711@gmail.com','0934350065','',NULL,NULL,'2014-03-24 10:32:17','2014-03-24 10:32:17',NULL),(6,'Nguyễn Thị Thu Phương','thuphuongk55thb@gmail.com','0979647016','',NULL,NULL,'2014-03-24 10:33:57','2014-03-24 10:35:18',NULL),(7,'Đặng Phương Linh','phuonglinhdang07@gmail.com','01674477102','',NULL,NULL,'2014-03-24 10:35:06','2014-03-24 10:35:06',NULL),(8,'Nguyễn Thị Tuyết','sun079563@gmail.com','01693068459','',NULL,NULL,'2014-03-24 10:36:19','2014-03-24 10:36:19',NULL),(9,'Bùi Thị Tố Uyên','uyenbui.bttu@gmail.com','01679908928','',NULL,NULL,'2014-03-24 10:40:13','2014-03-24 10:40:21',NULL),(10,'Nguyễn Thanh Thảo','nguyenthanhthao0202@gmail.com','0976495529','',NULL,NULL,'2014-03-24 10:42:02','2014-03-24 10:42:02',NULL),(11,'Tạ Thị Thơ','tatho.0408@gmail.com','01653209794','',NULL,NULL,'2014-03-24 10:42:40','2014-03-24 10:42:40',NULL),(12,'Mai Thị Nguyệt','','01684034771','',NULL,NULL,'2014-03-24 10:45:05','2014-03-24 10:45:05',NULL),(13,'Nguyễn Thị Ngọc','trungduongdaysong93@gmail.com','01634887024','',NULL,NULL,'2014-03-24 10:45:39','2014-03-24 10:45:39',NULL),(14,'Cao Hoàng Nam','','','Student',NULL,NULL,'2014-03-24 10:50:47','2014-03-24 10:51:03',NULL),(15,'Phương Anh','','','Student',NULL,NULL,'2014-03-24 10:51:22','2014-03-24 10:51:30',NULL),(16,'Trần Thị Diệp Anh','diepanh144@gmail.com','01683677435','Student',NULL,NULL,'2014-03-24 10:51:59','2014-03-24 10:52:08',NULL),(17,'Nguyễn Thị Hồng Giang','jangngo95@gmail.com','01654590425','Student',NULL,NULL,'2014-03-24 10:52:51','2014-03-24 10:52:59',NULL),(18,'Vũ Thúy Khuyên','','0989435196','Student',NULL,NULL,'2014-03-24 10:53:32','2014-03-24 10:53:39',NULL),(19,'Nguyễn Thị Huế','','0985620360','Student',NULL,NULL,'2014-03-24 11:58:11','2014-03-24 11:58:20',NULL),(20,'Nguyễn Anh Tú','hoainguyen.hmu@gmail.com','01698254726','Student',NULL,NULL,'2014-03-24 12:00:06','2014-03-24 12:07:26',NULL),(21,'Kim Nhung','','01679765493','Student',NULL,NULL,'2014-03-24 12:00:55','2014-03-24 12:08:37',NULL),(22,'Trần Thị Phương','','01638248809','Student',NULL,NULL,'2014-03-24 12:01:16','2014-03-24 12:08:33',NULL),(23,'Dương','','01676849386','Student',NULL,NULL,'2014-03-24 12:01:42','2014-03-24 12:08:24',NULL),(24,'Ngọc','','01684809262','Student',NULL,NULL,'2014-03-24 12:02:06','2014-03-24 12:08:04',NULL),(25,'Hà Diễm','hadiempham@gmail.com','0964484520','Student',NULL,NULL,'2014-03-24 12:03:34','2014-03-24 12:08:00',NULL),(26,'Trần Thị Kim Dung','','01679765493','Student',NULL,NULL,'2014-03-24 12:04:01','2014-03-24 12:07:56',NULL),(27,'Nguyễn Thanh Hải','','01674531219','Student',NULL,NULL,'2014-03-24 12:04:21','2014-03-24 12:07:54',NULL),(28,'Nguyễn Kiều Oanh','','0963914874','Student',NULL,NULL,'2014-03-24 12:05:15','2014-03-24 12:07:51',NULL),(29,'Vũ Thu Hiền','','01676839261','Student',NULL,NULL,'2014-03-24 12:07:01','2014-03-24 12:07:47',NULL),(30,'Ngô Phương Loan','ngophuongloan08121994@gmail.com','0969482930','',NULL,NULL,'2014-03-24 13:25:45','2014-03-24 13:33:35',NULL),(31,'Triệu Thị Bạch','','0972267588','',NULL,NULL,'2014-03-24 13:26:13','2014-03-24 13:33:49',NULL),(32,'Nguyễn Thị Hường','huonghvbc94@gmail.com','01687167080','',NULL,NULL,'2014-03-24 13:26:52','2014-03-24 13:33:56',NULL),(33,'Hoàng Thị Trang','','01684300111','',NULL,NULL,'2014-03-24 13:29:17','2014-03-24 13:34:25',NULL),(34,'Nông Thị Huyền','','01653255638','',NULL,NULL,'2014-03-24 13:29:34','2014-03-24 13:34:30',NULL),(35,'Nguyễn Quang Quân','','0987504620','',NULL,NULL,'2014-03-24 13:30:32','2014-03-24 13:34:35',NULL),(36,'Lộc Thị Trang','','0968934104','',NULL,NULL,'2014-03-24 13:30:55','2014-03-24 13:34:40',NULL),(37,'Nguyễn Thị Huyền','','01685694501','',NULL,NULL,'2014-03-24 13:31:30','2014-03-24 13:34:48',NULL),(38,'Lê Diệu Thủy','crazeevenastingfriend@gmail.com','01225332022','',NULL,NULL,'2014-03-24 13:32:31','2014-03-24 13:34:52',NULL),(39,'Nguyễn Thị Chung','','0987298109','',NULL,NULL,'2014-03-24 13:36:24','2014-03-24 13:37:54',NULL),(40,'Nguyễn Thị Minh Uyên','minhuyentg@gmail.com','0968426808','',NULL,NULL,'2014-03-24 13:37:10','2014-03-24 13:37:10',NULL),(41,'Nguyễn Thy Xuân','nguyethyxuan23@gmail.com','0984646055','',NULL,NULL,'2014-03-24 13:39:09','2014-03-24 13:39:09',NULL),(42,'Phan Ngọc Trang','trangphanngoc95@gmail.com','0988771015','',NULL,NULL,'2014-03-24 13:40:51','2014-03-24 13:40:51',NULL),(43,'Trần Công Thức','tranthuctq@gmail.com','0967317894','',NULL,NULL,'2014-03-24 13:41:17','2014-03-24 13:41:17',NULL),(44,'Trần Đình Đại','trangianhan1992@gmail.com','0984648136','',NULL,NULL,'2014-03-24 13:42:10','2014-03-24 13:42:10',NULL),(45,'Đinh Xuân Theo','','01666353037','',NULL,NULL,'2014-03-24 13:43:47','2014-03-24 13:43:47',NULL),(46,'Nguyễn Thùy Linh','linhrubi12394@gmail.com','0986842736','',NULL,NULL,'2014-03-24 13:44:21','2014-03-24 13:44:21',NULL),(47,'Lộc','suongmuaxuan@gmail.com','0985367606','',NULL,NULL,'2014-03-24 13:45:59','2014-03-24 13:45:59',NULL),(48,'Chu Thị Bích Ngọc','bichngoc594@gmail.com','0975396000','',NULL,NULL,'2014-03-24 13:47:01','2014-03-24 13:47:01',NULL),(49,'Nguyễn Thị Phương Thúy','nguyenthiphuongthuy0102@gmail.com','0913838878','',NULL,NULL,'2014-03-24 13:48:19','2014-03-24 13:48:19',NULL),(50,'Trần Thị Xuân Mai','discoverandconquer95@gmail.com','01658224383','',NULL,NULL,'2014-03-24 13:49:05','2014-03-24 14:18:45',NULL),(51,'Đào Thị Tú Anh','daotuanh195@gmail.com','01259721995','Student',NULL,NULL,'2014-03-24 13:50:08','2014-03-28 04:15:01',NULL),(52,'Ngô Thị Diệu Linh','s2bine125@yahoo.com.vn','01673505446','Student',NULL,NULL,'2014-03-24 14:19:25','2014-03-27 08:29:33','Email đăng kí tại lớp Pro 3: ngolinh125@gmail.com'),(53,'Nguyễn Thị Nga','nganguyen0506@gmail.com','0976307298','Student',NULL,NULL,'2014-03-24 14:19:55','2014-03-27 08:28:20',NULL),(54,'Vũ Hoàng Trang','hoangtrangvu@gmail.com','01252571058','',NULL,NULL,'2014-03-24 14:20:24','2014-03-24 14:20:24',NULL),(55,'Nguyen Thị Liên','ngoclien250395@gmail.com','01664575004','',NULL,NULL,'2014-03-24 14:21:29','2014-03-24 14:21:29',NULL),(56,'Nguyễn Thị Anh','nguyenthianh2206@gmail.com','0166522138','',NULL,NULL,'2014-03-24 14:21:53','2014-03-24 14:21:53',NULL),(57,'Trịnh Thị Thu Trang','trangtrinh60@gmail.com','0969906494','',NULL,NULL,'2014-03-24 14:22:31','2014-03-24 14:22:31',NULL),(58,'Đặng Phương Anh','','01639815227','',NULL,NULL,'2014-03-24 14:23:20','2014-03-24 14:23:20',NULL),(59,'Đỗ Xuân Hiên','','0987746183','',NULL,NULL,'2014-03-24 14:23:44','2014-03-24 14:23:44',NULL),(60,'Mai Thị Nga','','01687095700','',NULL,NULL,'2014-03-24 14:24:10','2014-03-24 14:24:10',NULL),(61,'Nguyễn Vương Trường','','01674567921','',NULL,NULL,'2014-03-24 14:24:30','2014-03-24 14:24:30',NULL),(62,'Bùi Thị Thu Giang','','0986869850','',NULL,NULL,'2014-03-24 14:24:52','2014-03-24 14:24:52',NULL),(63,'Lê Tuấn Anh','','01687779899','',NULL,NULL,'2014-03-24 14:25:09','2014-03-24 14:25:09',NULL),(64,'Nguyễn Xuân Hưng','xuanhungc9@gmail.com','0987405064','',NULL,NULL,'2014-03-24 14:25:47','2014-03-24 14:25:47',NULL),(65,'Lê Thị Dung','vietnamesegirl95@gmail.com','01986095605','',NULL,NULL,'2014-03-24 14:27:07','2014-03-24 14:27:07',NULL),(66,'Nguyễn Như Ngọc','','0973950565','',NULL,NULL,'2014-03-24 14:27:23','2014-03-24 14:27:23',NULL),(67,'Đường Thị Hải Yến','','01658198078','',NULL,NULL,'2014-03-24 14:28:42','2014-03-24 14:28:42',NULL),(68,'Nguyễn Thị Khánh Hòa','khanhhoahvbc@gmail.com','0963599251','Student',NULL,NULL,'2014-03-24 14:29:10','2014-03-27 08:30:28',NULL),(69,'Lê Thị Gấm','','0984105129','',NULL,NULL,'2014-03-24 14:29:35','2014-03-24 14:29:35',NULL),(70,'Lê Đình Lâm','ledinhlam94@gmail.com','01666995643','',NULL,NULL,'2014-03-24 14:30:06','2014-03-24 14:30:06',NULL),(71,'Lê Thị Bích','lengocbich1994@gmail.com','01648943458','',NULL,NULL,'2014-03-24 14:30:52','2014-03-24 14:30:52',NULL),(72,'Đào Thị Ngọc Thoa','daongochoa281195@gmail.com','01657240925','',NULL,NULL,'2014-03-24 14:31:18','2014-03-24 14:31:18',NULL),(73,'Nguyễn Ngọc Thu','ngocthu9895@gmail.com','0906289895','Student',NULL,NULL,'2014-03-24 14:56:59','2014-03-27 06:59:22',NULL),(74,'Lê Lan Phương','lpxd95@gmail.com','0969403748','Student',NULL,NULL,'2014-03-24 14:57:51','2014-03-27 06:59:34',NULL),(75,'Nguyễn Trương Tiểu Phương','loncondangju7@gmail.com','01227209695','Student',NULL,NULL,'2014-03-24 14:58:17','2014-03-27 06:59:42',NULL),(76,'Nguyễn Thị Thùy Dung','','01639026385','Student',NULL,NULL,'2014-03-24 14:58:38','2014-03-27 06:59:47',NULL),(77,'Đặng Thị Thanh Xuân','dangxuan95@gmail.com','01652340833','Student',NULL,NULL,'2014-03-24 14:59:01','2014-03-27 07:00:11',NULL),(78,'Nguyễn Thị Trang','','0968656050','Student',NULL,NULL,'2014-03-24 15:00:06','2014-03-27 07:00:16',NULL),(79,'Nguyễn Thị Hường','','','Student',NULL,NULL,'2014-03-24 15:00:40','2014-03-27 08:27:01','Phone: 0968426808, trùng với số đt ng khác đã đăng kí\r\n(Nguyễn Thị Minh Uyên)'),(80,'Lê Thị Bích Ngọc','','01654365898','Student',NULL,NULL,'2014-03-24 15:01:05','2014-03-27 08:27:13',NULL),(81,'Nguyễn Thị Ngọc','ngock55akhql@gmail.com','0975739208','Student',NULL,NULL,'2014-03-24 15:01:38','2014-03-27 08:27:26',NULL),(83,'Đỗ Thị Hiền','dohien.gd.ftu@gmail.com','0982828600','Student',NULL,NULL,'2014-03-27 08:30:44','2014-04-04 09:47:55',''),(84,'Trương Việt Quỳnh','','0964718895','Student',NULL,NULL,'2014-03-27 08:30:59','2014-03-27 08:30:59',NULL),(85,'Nguyễn Minh Hồng','','0973640281','Student',NULL,NULL,'2014-03-27 08:31:16','2014-03-27 08:31:16',NULL),(86,'Vũ Thị Thanh Nga','ngavtt24@wru.vn','01646608999','Student',NULL,NULL,'2014-03-27 08:33:18','2014-03-27 08:33:18',NULL),(87,'Mai Thanh Huyền','','01262460567','Student',NULL,NULL,'2014-03-27 08:33:50','2014-03-28 04:27:11','free học phí lớp Pro 3'),(88,'Nguyễn Thùy Linh','','01643994766','Student',NULL,NULL,'2014-03-27 08:37:37','2014-03-27 08:37:37','hàng xóm'),(89,'Nguyễn Kỳ Duyên','','0977147617','Student',NULL,NULL,'2014-03-27 08:38:39','2014-03-27 08:38:39','hàng xóm'),(90,'Nguyễn Thị Mai Anh','','01679668100','Student',NULL,NULL,'2014-03-27 08:38:58','2014-03-27 08:38:58',''),(91,'Bùi Đình Tú','','01648889436','Student',NULL,NULL,'2014-03-27 08:39:15','2014-03-27 08:39:15',''),(92,'Vũ Thị Như Quỳnh','','0966871937','Student',NULL,NULL,'2014-03-27 08:39:35','2014-03-27 08:39:35',''),(93,'Nguyễn Cao Đạt','','01672536598','Student',NULL,NULL,'2014-03-27 08:40:02','2014-03-27 08:40:02',''),(94,'Nguyễn Hoài Thương','nobody_butyou_3004@gmail.com','01642234955','',NULL,NULL,'2014-03-27 10:19:11','2014-03-27 10:19:41','số đt sai'),(95,'Trần Thị Lan Anh','lanh1095@gmail.com','0983235372','',NULL,NULL,'2014-03-27 10:35:06','2014-03-27 10:35:06',''),(96,'Phan Thị Huệ','phanhue3091@gmail.com','01649630470','',NULL,NULL,'2014-03-27 10:36:01','2014-03-27 10:36:01',''),(97,'Vũ Thanh Tâm','thanhtam221@gmail.com','0979164860','',NULL,NULL,'2014-03-27 10:36:37','2014-03-27 10:36:37','Campaign HVNH 011113: sẽ đi'),(98,'Nguyễn Thị Hằng Nga','nguyennga.hugo@gmail.com','01654189501','',NULL,NULL,'2014-03-27 10:37:07','2014-03-27 10:37:07',''),(99,'Đỗ Thị Thanh','dothanh161191@gmail.com','','',NULL,NULL,'2014-03-27 10:37:25','2014-03-27 10:37:25',''),(100,'Nguyễn Thị Thanh Lan','thanhlanhvnh@gmail.com','01625058099','Student',NULL,NULL,'2014-03-27 10:39:08','2014-03-28 04:25:26','Số đt ở lớp Pro 4: 01635058099'),(101,'Vũ Ngọc Mai','vungocmai310@gmail.com','0972152799','',NULL,NULL,'2014-03-27 10:39:35','2014-03-27 10:39:35',''),(102,'Phạm Thanh Nga','pttn.hvnh@gmail.com','0984206381','',NULL,NULL,'2014-03-27 10:42:08','2014-03-27 10:42:08','HVNH 011113: có đi + bạn'),(103,'Trần Thuý An','','01645640963','',NULL,NULL,'2014-03-27 10:42:23','2014-03-27 10:42:23',''),(104,'Đỗ Minh Anh','dominhanh.k27@gmail.com','01656535687','',NULL,NULL,'2014-03-27 10:43:17','2014-03-27 10:43:17','HVNH 011113: đăng kí tiềm năng thứ 6 tuần sau'),(105,'Nguyễn Thị Huyền Trang','trangnguyengala94@gmail.com','01698933919','',NULL,NULL,'2014-03-28 00:58:42','2014-03-28 00:58:42',''),(106,'Vũ Hồng Ngọc','','01652271810','',NULL,NULL,'2014-03-28 00:59:02','2014-03-28 00:59:02',''),(107,'Bùi Việt Trinh','','0968353878','',NULL,NULL,'2014-03-28 01:00:45','2014-03-28 01:00:45',''),(108,'Nguyễn Thị Vân','vannguyen.130594@gmail.com','01696513752','',NULL,NULL,'2014-03-28 01:01:04','2014-03-28 01:01:04',''),(109,'Đỗ Thị Hồng','honganh8994@gmail.com','0972828090','',NULL,NULL,'2014-03-28 01:04:05','2014-03-28 01:04:05',''),(110,'Nguyễn Thị Lan Anh','tocnau12@gmail.com','0962149522','',NULL,NULL,'2014-03-28 01:08:00','2014-03-28 01:08:00','HVNH 011113: có đi+ bạn-'),(111,'Lê Minh Châu','le.minh.chau.tn@gmail.com','0986660481','',NULL,NULL,'2014-03-28 01:08:23','2014-03-28 01:08:23',''),(112,'Nguyễn Thị Huyền Trang','huyentrang241195@gmail.com','0915927689','',NULL,NULL,'2014-03-28 01:11:53','2014-03-28 01:11:53',''),(113,'Mai Thị Thanh','maithanh2205@gmail.com','01699565906','',NULL,NULL,'2014-03-28 01:12:25','2014-03-28 01:12:25','HVNH 011113: đã đi 12/11'),(114,'Dương Thị Thành','oishiheolun92@gmail.com','01672776460','',NULL,NULL,'2014-03-28 01:12:42','2014-03-28 01:12:42',''),(115,'Dương Tuấn Anh','','01668350026','',NULL,NULL,'2014-03-28 01:14:49','2014-03-28 01:14:49',''),(116,'Trần Thị Lệ','wenjuchubin@gmail.com','01696733868','',NULL,NULL,'2014-03-28 01:15:20','2014-03-28 01:15:20','HVNH 011113: có đi'),(117,'Phạm Thị Ngà','phamnga.c3@gmail.com','01672229427','',NULL,NULL,'2014-03-28 01:15:53','2014-03-28 01:15:53','HVNH 011113: thứ 2 tuần sau'),(118,'Nguyễn Đăng Hiền','danghienhvnh1990@gmail.com','0987333443','',NULL,NULL,'2014-03-28 01:16:13','2014-03-28 01:16:13',''),(119,'Hứa Kim Thuỳ','huakimthuy0612@gmail.com','0972574992','',NULL,NULL,'2014-03-28 01:19:45','2014-03-28 01:19:45','HVNH 011113: có đi'),(120,'Phạm Thị Thanh Lan','lanthanh.pham33@gmail.com','0974007487','',NULL,NULL,'2014-03-28 01:20:00','2014-03-28 01:20:00',''),(121,'Nguyễn Thị Tình','tinh.bn231092@gmail.com','01695664057','',NULL,NULL,'2014-03-28 01:20:38','2014-03-28 01:20:38',''),(122,'Phạm Thị Bích Hạnh','phamthibichhanhpt@gmail.com','01687990724','',NULL,NULL,'2014-03-28 01:21:26','2014-03-28 01:21:26','HVNH 011113: thứ 2 tuần sau'),(123,'Nguyễn Thị Tuyết','snowlovely000@gmail.com','0963642591','',NULL,NULL,'2014-03-28 01:21:46','2014-03-28 01:21:46',''),(124,'Nguyễn Thị Thu Hiền','naruto_like1@yahoo.com','','',NULL,NULL,'2014-03-28 01:22:13','2014-03-28 01:22:13',''),(125,'Dương Hồng Ngọc','','01689188310','',NULL,NULL,'2014-03-28 01:22:30','2014-03-28 01:22:30',''),(126,'Đào Diệu Huế','dieuhue16@gmail.com','0968547669','',NULL,NULL,'2014-03-28 01:22:59','2014-03-28 01:22:59','HVNH 011113: đã đến đây...ok'),(127,'Nguyễn Thị Ngọc Hoa','hoa531991@gmail.com','01674531179','',NULL,NULL,'2014-03-28 01:26:25','2014-03-28 01:26:25',''),(128,'Đào Hoàng Yến','kemogiausang@gmail.com','01674650057','',NULL,NULL,'2014-03-28 01:27:17','2014-03-28 01:27:17','HVNH 011113: có đi'),(129,'Nghiêm Đăng Tùng','','01692023477','',NULL,NULL,'2014-03-28 01:28:24','2014-03-28 01:28:24','HVNH 011113: hẹn hôm khác (chưa rõ)'),(130,'Trần Trọng Đạt','trantrongdat.hut@gmail.com','0973640441','',NULL,NULL,'2014-03-28 01:30:40','2014-03-28 01:30:40',''),(131,'Khuất Thuỳ Linh','','0977685242','',NULL,NULL,'2014-03-28 01:31:07','2014-03-28 01:31:07',''),(132,'Vũ Minh Tiến','nhatphai.nednet@gmail.com','0973200765','',NULL,NULL,'2014-03-28 01:32:44','2014-03-28 01:32:44',''),(133,'Nguyễn Thị Huế','hueck195@gmail.com','0986075815','',NULL,NULL,'2014-03-28 01:33:01','2014-03-28 01:33:01',''),(134,'Phạm Thị Tho','phamthovp24@gmail.com','01692270194','',NULL,NULL,'2014-03-28 01:33:23','2014-03-28 01:33:23','HVNH 011113: t2'),(135,'Kiều Quang Thăng','thang_kt_01@yahoo.com','01276550357','',NULL,NULL,'2014-03-28 01:41:48','2014-03-28 01:41:48',''),(136,'Đỗ Thị Thuý','dothuy591@gmail.com','0982852914','',NULL,NULL,'2014-03-28 01:42:11','2014-03-28 01:42:11',''),(137,'Cù Thị Nga','ngatc92@yahoo.com.vn','01259992223','',NULL,NULL,'2014-03-28 01:43:52','2014-03-28 01:43:52',''),(138,'Phạm Thị Lộc','phamthiloc92@gmail.com','01648218892','',NULL,NULL,'2014-03-28 01:44:10','2014-03-28 01:44:10',''),(139,'Bùi Thị Linh','buithlinh.tb@gmail.com','','',NULL,NULL,'2014-03-28 01:44:34','2014-03-28 01:44:34',''),(140,'Phạm Hồng Vân','vanuknow@gmail.com','0978994642','',NULL,NULL,'2014-03-28 02:17:31','2014-03-28 02:17:31',''),(141,'Trần Thị Thu Hằng','hangthu.t3h@gmail.com','01685963009','',NULL,NULL,'2014-03-28 02:18:17','2014-03-28 02:18:17',''),(142,'Phạm Thị Mỹ Linh','mylinh9228@gmail.com','01659769228','',NULL,NULL,'2014-03-28 02:18:37','2014-03-28 02:18:37',''),(143,'Vũ Thj Oanh','oanhvt0307@gmail.com','0989817328','',NULL,NULL,'2014-03-28 02:18:57','2014-03-28 02:18:57',''),(144,'Đặng Thị Giang','sansad678@gmail.com','0963795066','',NULL,NULL,'2014-03-28 02:20:13','2014-03-28 02:20:13',''),(145,'Nguyễn Thị Ly','nguyenlyhvnh@gmail.com','0985138683','',NULL,NULL,'2014-03-28 02:21:46','2014-03-28 02:21:46',''),(146,'Phạm Thanh Thuý','thuypham1694@gmail.com','0989961926','',NULL,NULL,'2014-03-28 02:22:08','2014-03-28 02:23:40','HVNH 011113: t2'),(147,'Nguyễn Thị Mỹ Linh','mylinhnguyen194@gmail.com','0974759689','',NULL,NULL,'2014-03-28 02:22:32','2014-03-28 02:22:32',''),(148,'Đào Minh Phương','minhphuong.hg05@gmail.com','01682850972','',NULL,NULL,'2014-03-28 02:23:11','2014-03-28 02:23:11',''),(149,'Đoàn Văn Hậu','haudv.tbc@gmail.com','01652050740','',NULL,NULL,'2014-03-28 02:24:30','2014-03-28 02:24:30','HVNH 011113: có'),(150,'Nguyễn Tiến Mạnh','manhnt.hvnh@gmail.com','0984020994','',NULL,NULL,'2014-03-28 02:25:06','2014-03-28 02:25:06',''),(151,'Nguyễn Thị Toan','nguyenthitoan94@gmail.com','0978707600','',NULL,NULL,'2014-03-28 02:25:40','2014-03-28 02:25:40',''),(152,'Bùi Văn Huy','','01653060290','',NULL,NULL,'2014-03-28 02:49:23','2014-03-28 02:49:23',''),(153,'Bùi Xuân Thành','','01656699099','',NULL,NULL,'2014-03-28 02:49:40','2014-03-28 02:49:40',''),(154,'Đỗ Việt Linh','dovietlinh02071994@gmail.com','0932214094','',NULL,NULL,'2014-03-28 02:50:00','2014-03-28 02:50:00',''),(155,'Nguyễn Tiến Thái','','01649598400','',NULL,NULL,'2014-03-28 02:50:16','2014-03-28 02:50:16',''),(156,'Nguyễn Khánh Linh','linhle@gmail.com','01688014666','',NULL,NULL,'2014-03-28 02:50:40','2014-03-28 02:50:40',''),(157,'Đào Phương Thảo','phuongthao9523@yahoo.com.vn','01689965173','',NULL,NULL,'2014-03-28 02:50:59','2014-03-28 02:50:59',''),(158,'Nguyễn Thị Hải Yến','yenxu1011@gmail.com','01697134538','',NULL,NULL,'2014-03-28 02:52:25','2014-03-28 02:52:25',''),(159,'Trần Thi Cúc','moombow1411@gmail.com','01669531315','',NULL,NULL,'2014-03-28 02:52:45','2014-03-28 02:52:45',''),(160,'Nguyễn Đình Hinh','nguyendinhhinh@gmail.com','','',NULL,NULL,'2014-03-28 02:53:08','2014-03-28 02:53:08',''),(161,'Hoàng Thị Kim Cúc','esmia.4ever@gmail.com','0972420378','',NULL,NULL,'2014-03-28 02:55:18','2014-03-28 02:55:18','HVNH 011113: có đi'),(162,'Đinh Ngọc Diễm','dinhdiem95@gmail.com','01676203296','',NULL,NULL,'2014-03-28 02:55:58','2014-03-28 02:55:58',''),(163,'Trần Xuân Tùng','xuantung6992@gmail.com','01693469732','',NULL,NULL,'2014-03-28 02:56:23','2014-03-28 02:56:23',''),(164,'Đào Thị Quỳnh Anh','akadashi1992@gmail.com','0977898119','',NULL,NULL,'2014-03-28 02:56:53','2014-03-28 02:56:53',''),(165,'Lã Đức Anh','itme_ducanh@gmail.com','','',NULL,NULL,'2014-03-28 02:57:10','2014-03-28 02:57:10',''),(166,'Nguyễn Hữu Quân','quydu.tv@gmail.com','','',NULL,NULL,'2014-03-28 02:58:45','2014-03-28 02:58:45',''),(167,'Lê Thị Linh','lethilinh290592@gmail.com','','',NULL,NULL,'2014-03-28 02:58:57','2014-03-28 02:58:57',''),(168,'Đinh Mỹ Linh','linhdinhmy22061992@gmail.com','01640098948','',NULL,NULL,'2014-03-28 03:01:51','2014-03-28 03:01:51',''),(169,'Nguyễn Thị Mai Phương','maiphuongnguyen0311@gmail.com','01663802912','',NULL,NULL,'2014-03-28 03:02:08','2014-03-28 03:02:08',''),(170,'Nguyễn Thị Linh Chi','phonglantim200412@yahoo.com','0978732345','',NULL,NULL,'2014-03-28 03:02:38','2014-03-28 03:02:38',''),(171,'Đỗ Thị An Sinh','oanhbui512@gmail.com','01659013484','',NULL,NULL,'2014-03-28 03:03:01','2014-03-28 03:03:01',''),(172,'Nguyễn Minh Khương Duy','','0979174183','',NULL,NULL,'2014-03-28 03:05:57','2014-03-28 03:05:57',''),(173,'Nghiêm Thu Hằng','nituha.xt@gmail.com','01677314491','',NULL,NULL,'2014-03-28 03:07:09','2014-03-28 03:07:09',''),(174,'Trần Thiị Thúy','tranthuy9892@gmail.com','0985814409','',NULL,NULL,'2014-03-28 03:07:36','2014-03-28 03:07:36',''),(175,'Cao Ninh Quỳnh','caoninhquynh@gmail.com','01669605567','',NULL,NULL,'2014-03-28 03:07:54','2014-03-28 03:07:54',''),(176,'Viên Thị Phương','vienphuong221092@gmail.com','0976178492','',NULL,NULL,'2014-03-28 03:08:11','2014-03-28 03:08:11',''),(177,'Nguyễn Thị Yến','yentc16b@gmail.com','0987662414','',NULL,NULL,'2014-03-28 03:08:34','2014-03-28 03:08:34',''),(178,'Đỗ Thị Vân Anh','anhmice@yahoo.com','0966058425','',NULL,NULL,'2014-03-28 03:09:10','2014-03-28 03:09:10',''),(179,'Cao Thái Sơn','chuanmen@yahoo.com.vn','01652602345','',NULL,NULL,'2014-03-28 03:09:28','2014-03-28 03:09:28',''),(180,'Khuất Anh Thư','khuatanhthu@gmail.com','01676501302','',NULL,NULL,'2014-03-28 03:10:24','2014-03-28 03:10:24',''),(181,'Nguyễn Thị Giang','ng.giang94@gmail.com','01648295802','',NULL,NULL,'2014-03-28 03:10:42','2014-03-28 03:10:42',''),(182,'Trần Thị Ngọc Lan','ngoclan283hvtc@gmail.com','0978724042','',NULL,NULL,'2014-03-28 03:11:09','2014-03-28 03:11:09',''),(183,'Ngô Thị Ngát','thungathvnh@gmail.com','','',NULL,NULL,'2014-03-28 03:14:32','2014-03-28 03:14:32','trùng số đt với người khác (0978724042, Trần Thị Ngọc Lan)'),(184,'Bùi Kiều Anh','anhbk.tbc@gmail.com','01665176104','',NULL,NULL,'2014-03-28 03:15:01','2014-03-28 03:15:01',''),(185,'Nguyễn Thị Thanh','thanhnt020494@gmail.com','0975312243','',NULL,NULL,'2014-03-28 03:15:25','2014-03-28 03:15:25',''),(186,'Ngô Thị Hương','ngohuong2712@gmail.com','01672701585','',NULL,NULL,'2014-03-28 03:15:52','2014-03-28 03:15:52',''),(187,'Khúc Thị Thu Quỳnh','khucquynh94@gmail.com','01698727383','',NULL,NULL,'2014-03-28 03:16:11','2014-03-28 03:16:11',''),(188,'Lê Phương Thúy','phuongthuy210292@gmail.com','01682894504','',NULL,NULL,'2014-03-28 03:16:47','2014-03-28 03:16:47','HVNH 011113: k tham gia'),(189,'Đinh Thị Hương','baohuong.dinh@gmail.com','0972047492','Student',NULL,NULL,'2014-03-28 03:17:15','2014-03-28 04:23:44','HVNH 011113: có đi'),(190,'Cù Thị Lan Hương','honeyhgj@gmail.com','0983841082','Student',NULL,NULL,'2014-03-28 03:17:43','2014-03-28 04:17:24','HVNH 011113: có đi'),(191,'Nguyễn Thị Thanh Luyến','luyen.ntthanh298@gmail.com','0972155416','',NULL,NULL,'2014-03-28 03:18:11','2014-03-28 03:18:11','HVNH 011113: thứ 6 mí đi'),(192,'Trần Minh Thảo','minhthaosj@gmail.com','0936618979','',NULL,NULL,'2014-03-28 03:18:32','2014-03-28 03:18:32',''),(193,'Nguyễn Thị Khánh Ly','','0989907995','',NULL,NULL,'2014-03-28 03:18:51','2014-03-28 03:18:51',''),(194,'Nguyễn Hoài Viên','hoailinh.lk@gmail.com','01682539589','',NULL,NULL,'2014-03-28 03:19:11','2014-03-28 03:19:11',''),(195,'Đỗ Nguyệt Minh','minhdntbc@gmail.com','01686851617','',NULL,NULL,'2014-03-28 03:20:00','2014-03-28 03:20:00',''),(196,'Trần Thị Phương Anh','phuonganhtran94@gmail.com','01697066727','',NULL,NULL,'2014-03-28 03:20:27','2014-03-28 03:20:27',''),(197,'Trần Thị Thu Trang','giangtran7494@gmail.com','01653453360','',NULL,NULL,'2014-03-28 03:21:02','2014-03-28 03:21:02',''),(198,'Lê Hương Ly','huongly288201@gmail.com','0983487343','',NULL,NULL,'2014-03-28 03:21:25','2014-03-28 03:21:25',''),(199,'Nguyễn Thị Liên','lienleader@gmail.com','01689158586','',NULL,NULL,'2014-03-28 03:21:48','2014-03-28 03:21:48',''),(200,'Lâm Thị Thái Hà','lamthihaiha764@gmail.com','0972045967','',NULL,NULL,'2014-03-28 03:23:09','2014-03-28 03:23:09',''),(201,'Trần Hoàng Tuấn','Tuancho@gmail.com','0904249529','',NULL,NULL,'2014-03-28 03:32:38','2014-03-28 03:32:38',''),(202,'Lê Minh Đức','ducdog@gmail.com','01676342240','',NULL,NULL,'2014-03-28 03:33:05','2014-03-28 03:33:05',''),(203,'Hà Thu Linh','ha.linh1993@gmail.com','0988158227','',NULL,NULL,'2014-03-28 03:33:30','2014-03-28 03:33:30',''),(204,'Đặng Thị Phương','gmm.dangphuong@gmail.com','01633232699','',NULL,NULL,'2014-03-28 03:35:16','2014-03-28 03:35:16',''),(205,'Nguyễn Thị Ngọc','ngocnguyen2892@gmail.com','0988769357','',NULL,NULL,'2014-03-28 03:36:57','2014-03-28 03:43:28','HVNH 041113: điều kiện DK: t3'),(206,'Trần Kim Cương','','01675921512','',NULL,NULL,'2014-03-28 03:38:32','2014-03-28 03:38:32',''),(207,'Trần Thị Lương','','0972836264','Student',NULL,NULL,'2014-03-28 03:40:17','2014-03-28 04:14:18','HVNH 041113: có đi'),(208,'Nguyễn Thị Kim Ngân','hanhphucmongmanh7394@gmail.com','0975313530','',NULL,NULL,'2014-03-28 03:40:57','2014-03-28 03:40:57',''),(209,'Đoàn Khánh Linh','odentdoan0103@gmail.com','01235958919','',NULL,NULL,'2014-03-28 03:41:31','2014-03-28 03:41:31','HVNH 041113: có đi'),(210,'Nguyễn Trà Ly','lybe0510@gmail.com','01667424243','',NULL,NULL,'2014-03-28 03:42:34','2014-03-28 03:43:15','HVNH 041113: điều kiện DK: t3'),(211,'Đoàn Thị Huyền','','016396322745','',NULL,NULL,'2014-03-28 03:43:53','2014-03-28 03:43:53',''),(212,'Dư Thị Yến','','0987864976','',NULL,NULL,'2014-03-28 03:44:09','2014-03-28 03:44:09',''),(213,'Bùi Đức Mạnh','buiducmanhKx@gmail.com','01659018459','',NULL,NULL,'2014-03-28 03:45:27','2014-03-28 03:45:27',''),(214,'Nguyễn Hữu Hùng','','01649686696','',NULL,NULL,'2014-03-28 03:45:53','2014-03-28 03:45:53',''),(215,'Bùi Thị Thu','thucoihvnh@gmail.com','','',NULL,NULL,'2014-03-28 03:46:22','2014-03-28 03:46:22',''),(216,'Nguyễn Thị Ngọc Hồi','nguyenngochoi91@gmail.com','01649801644','',NULL,NULL,'2014-03-28 03:48:20','2014-03-28 03:48:20',''),(217,'Vũ Sen','','01679778735','',NULL,NULL,'2014-03-28 03:48:33','2014-03-28 03:48:33',''),(218,'Phan Thị Khánh Hoà','miumiu210694@gmail.com','','',NULL,NULL,'2014-03-28 03:49:02','2014-03-28 03:49:02',''),(219,'Nguyễn Thị Nhàn','nguyennhan10794@gmail.com','0974741198','',NULL,NULL,'2014-03-28 03:49:25','2014-03-28 03:49:25',''),(220,'Lê Mạnh Đông','virut_bio_k11@yahoo.com','0973457785','',NULL,NULL,'2014-03-28 03:51:33','2014-03-28 03:51:33',''),(221,'Trần Lan Hương','ngochuong0802.94@gmail.com','01657874239','',NULL,NULL,'2014-03-28 03:58:36','2014-03-28 03:58:36',''),(222,'Phan Thị Mai','maipt.tbc@gmail.com','01653759292','',NULL,NULL,'2014-03-28 03:58:53','2014-03-28 03:58:53',''),(223,'Nguyễn Hoàng Yến','yennhtbc@gmail.com','0976400046','',NULL,NULL,'2014-03-28 03:59:17','2014-03-28 03:59:17',''),(224,'Nghiêm Lan Anh','nghiemlananh@gmail.com','0973488920','',NULL,NULL,'2014-03-28 03:59:35','2014-03-28 03:59:35',''),(225,'Chu Thị Hoài Thu','hoaithu.k14.hvnh@gmail.com','0167000664','',NULL,NULL,'2014-03-28 03:59:53','2014-03-28 03:59:53',''),(226,'Nguyễn Thị Linh','','01688637341','Student',NULL,NULL,'2014-03-28 04:14:39','2014-03-28 04:14:39',''),(227,'Đào Thị Ngọc Oanh','','01672717983','Student',NULL,NULL,'2014-03-28 04:15:16','2014-03-28 04:15:16',''),(228,'Nguyễn Thị Hương Ly','nthuongly21@gmail.com','0943912359','Student',NULL,NULL,'2014-03-28 04:15:39','2014-03-28 04:15:39',''),(229,'Đỗ Ngọc Anh','nansantruong@gmail.com','01674290474','Student',NULL,NULL,'2014-03-28 04:17:55','2014-03-28 04:17:55',''),(230,'Nguyễn Thị Trà Giang','gg.shopaholic@gmail.com','01677368454','Student',NULL,NULL,'2014-03-28 04:18:19','2014-03-28 04:18:19',''),(231,'Phùng Thị Thu Hiền','hienchtht@gmail.com','01665781010','Student',NULL,NULL,'2014-03-28 04:18:37','2014-03-28 04:18:37',''),(232,'Vũ Thị Bích Ngọc','bichngockhoaktnhte@gmail.com','01236642929','Student',NULL,NULL,'2014-03-28 04:18:57','2014-03-28 04:18:57',''),(233,'Nguyễn Thùy Dung','lapinshinee@gmail.com','01649884888','Student',NULL,NULL,'2014-03-28 04:19:24','2014-03-28 04:19:24',''),(234,'Bùi Linh Chi','chi.beeu@gmail.com','01687374700','Student',NULL,NULL,'2014-03-28 04:21:20','2014-03-28 04:21:20',''),(235,'Phạm Thị Hải Hậu','vyvy.neu@gmail.com','0912935455','Student',NULL,NULL,'2014-03-28 04:27:36','2014-03-28 04:27:36',''),(236,'Trần Hòa Hiệp','','0988742539','Student',NULL,NULL,'2014-03-28 04:27:53','2014-03-28 04:27:53',''),(237,'Nguyễn Thị Thu Hà','ZenIchi.230795@gmail.com','01682868407','',NULL,NULL,'2014-03-28 06:07:11','2014-03-28 06:07:11','HVNH 081113: Đăng ký học thử (t3 11/12)'),(238,'Trịnh Thị Dung','Trinhdunghvnh2010@gmail.com','01674697815','',NULL,NULL,'2014-03-28 06:07:57','2014-03-28 06:07:57','HVNH 081113: Đăng ký học thử : đến muộn'),(239,'Đặng Thị Mận','dtm2811@gmail.com','01299288298','',NULL,NULL,'2014-03-28 06:09:43','2014-03-28 07:28:44','HVNH 081113: Đăng ký học thử'),(240,'Đào Thị Thuý Quỳnh','Quynhdtt1992@gmail.com','01688801027','',NULL,NULL,'2014-03-28 06:10:00','2014-03-28 06:10:00',''),(241,'Đặng Quang Đông','Delete.all.212@ggmail.com','0942616078','',NULL,NULL,'2014-03-28 06:12:16','2014-03-28 06:12:16',''),(242,'Nguyễn Lan Chi','orchidchi12@gmail.com','0975462907','',NULL,NULL,'2014-03-28 06:12:46','2014-03-28 06:12:46',''),(243,'Bùi Thị Cẩm Vân','Buivan.hvnh@gmail.com','0973767492','',NULL,NULL,'2014-03-28 06:13:59','2014-03-28 06:13:59',''),(244,'Trầm Thuỳ Dung','thuydung92tran@gmail.com','01663812732','',NULL,NULL,'2014-03-28 06:17:46','2014-03-28 06:17:46',''),(245,'Chu Văn Vũ','chuvanvunhtm@gmail.com','01652076552','',NULL,NULL,'2014-03-28 06:18:35','2014-03-28 07:29:05','HVNH 081113: Đăng ký học thử'),(246,'Hoàng Anh Dũng','','0979898448','',NULL,NULL,'2014-03-28 06:19:29','2014-03-28 06:19:29',''),(247,'Vũ Hồng Nhung','countryflower.94@gmail.com','01635783336','',NULL,NULL,'2014-03-28 06:20:32','2014-03-28 06:20:32','HVNH 081113: Đăng Ký tiềm năng: t7'),(248,'Vũ Thị Mai','tungmai9194@gmail.com','01693598784','',NULL,NULL,'2014-03-28 06:33:57','2014-03-28 06:33:57',''),(249,'Đỗ Đình Hân','','01659117326','',NULL,NULL,'2014-03-28 06:34:50','2014-03-28 06:34:50',''),(250,'Phạm Thị Thuỳ Linh','Linhptt.TBC@gmail.com','01686903315','',NULL,NULL,'2014-03-28 06:35:17','2014-03-28 06:35:52','HVNH 081113: Đăng Ký tiềm năng: t7'),(251,'Nguyễn Thị Anh','anhnta3@gmail.com','0985898023','',NULL,NULL,'2014-03-28 06:35:39','2014-03-28 06:35:39',''),(252,'Nguyễn Thị Thuỳ','Thuyhvnh95@gmail.com','01667105972','',NULL,NULL,'2014-03-28 06:36:19','2014-03-28 06:36:19',''),(253,'Tạ Thị Khánh Linh','tathikhanhlinh.bav@gmail.com','0968485355','',NULL,NULL,'2014-03-28 06:54:04','2014-03-28 06:54:04',''),(254,'Nguyễn Thị Nga','ngadoremon94@gmail.com','0986239628','',NULL,NULL,'2014-03-28 06:54:29','2014-03-28 06:54:29',''),(255,'Vũ Thị Nhung','crystailrain280295@gmail.com','01647683036','',NULL,NULL,'2014-03-28 06:54:49','2014-03-28 06:54:49',''),(256,'Bùi Thị Trang','buitrang170194@gmail.com','0973902596','',NULL,NULL,'2014-03-28 06:55:15','2014-03-28 06:55:15',''),(257,'Nguyễn Thuý Ngân','','01673955486','',NULL,NULL,'2014-03-28 06:56:05','2014-03-28 06:56:05',''),(258,'Nguyễn Thị Thảo','','01659958308','',NULL,NULL,'2014-03-28 06:56:55','2014-03-28 06:56:55',''),(259,'Đào Thị Minh Khuyên','','0969540411','',NULL,NULL,'2014-03-28 06:57:34','2014-03-28 06:57:34',''),(260,'Nguyễn Thị Phương Linh','','0983077736','',NULL,NULL,'2014-03-28 06:57:54','2014-03-28 06:57:54',''),(261,'Nguyễn Thị Xuân Lâm','xuanlam2601@gmail.com','01646772171','',NULL,NULL,'2014-03-28 06:58:18','2014-03-28 06:58:18',''),(262,'Nguyễn Thảo Linh','meodautron16895@yahoo.com','0966580538','',NULL,NULL,'2014-03-28 06:58:36','2014-03-28 06:58:36',''),(263,'Nguyễn Thị Hằng','beobeo1992@gmail.com','01669242295','',NULL,NULL,'2014-03-28 07:20:49','2014-03-28 07:20:49',''),(264,'Trần Thị Loan','loantranhvnh@gmail.com','01636833422','',NULL,NULL,'2014-03-28 07:21:31','2014-03-28 07:21:31','HVNH 081113: Đăng Ký tiềm năng: t7'),(265,'Nguyễn Thị Hoa Mai','hoamai.nhh@gmail.com','0978707644','',NULL,NULL,'2014-03-28 07:22:01','2014-03-28 07:22:01','HVNH 081113: Đăng Ký tiềm năng: t7'),(266,'Trần Tiến Thành','','0945676828','',NULL,NULL,'2014-03-28 07:22:23','2014-03-28 07:22:23',''),(267,'Lê Công Huy','leconghuy.hvnh@gmail.com','01649803772','',NULL,NULL,'2014-03-28 07:24:31','2014-03-28 07:24:31',''),(268,'Phạm Thị Ánh Tuyết','tuyetpham71194@gmail.com','01653012169','',NULL,NULL,'2014-03-28 07:25:24','2014-03-28 07:25:24',''),(269,'Nguyễn Thị Duyên','','01649502395','',NULL,NULL,'2014-03-28 07:25:40','2014-03-28 07:25:40',''),(270,'Vũ Phương Hà','','01658247815','',NULL,NULL,'2014-03-28 07:25:54','2014-03-28 07:29:32','HVNH 081113: Đăng ký học thử'),(271,'Nguyễn Thị Lương','luong.soyaa@gmail.com','0979831722','',NULL,NULL,'2014-03-28 07:26:12','2014-03-28 07:29:27','HVNH 081113: Đăng ký học thử'),(272,'Nguyễn Thị Mai','phuongmai141294@gmail.com','0962654946','',NULL,NULL,'2014-03-29 16:53:32','2014-03-29 16:53:32',''),(273,'Nguyễn Thùy Dung','windandsun1201@gmail.com','0987985510','',NULL,NULL,'2014-03-29 16:56:24','2014-03-29 16:56:24','Tối'),(274,'Hoàng Thị Trà My','hoangtramy1911@gmail.com','01628369232','',NULL,NULL,'2014-03-29 17:00:51','2014-03-29 17:00:51',''),(275,'Ngô Thị Thanh Huyền','huyennt.hlu@gmail.com','0982601436','',NULL,NULL,'2014-03-29 17:01:48','2014-03-29 17:01:48',''),(276,'Quỳnh Trang','quynhtranghlu202@gmail.com','01659125446','',NULL,NULL,'2014-03-29 17:07:53','2014-03-29 17:07:53',''),(277,'Tạ Thị Thu Thảo','','0969053083','',NULL,NULL,'2014-03-29 17:09:12','2014-03-29 17:09:12',''),(278,'Nguyễn Thị Thảo','jaebong1994@gmail.com','0989549194','',NULL,NULL,'2014-03-29 17:38:08','2014-03-29 17:38:08',''),(279,'Lê Thị Bích','lebichbk@gmail.com','0989955176','',NULL,NULL,'2014-03-29 17:39:01','2014-03-29 17:39:01',''),(280,'Trần Thị Ánh Tuyết','trananhtuyetqtnl@gmail.com','0949226923','',NULL,NULL,'2014-03-29 17:40:01','2014-03-29 17:40:01',''),(281,'Phạm Thị Mỹ Duyên','phamthimyduyen2801@gmail.com','01645313889','',NULL,NULL,'2014-03-29 17:41:39','2014-03-29 17:41:39',''),(282,'Cao Thị My','caomy2202@gmail.com','01687312841','',NULL,NULL,'2014-03-29 17:42:36','2014-03-29 17:42:36',''),(283,'Mai Thị Tươi','tuoimai94@gmail.com','01644907959','',NULL,NULL,'2014-03-29 17:46:28','2014-03-29 17:46:28',''),(284,'Vũ Thị Hoa','maihoa2295@gmail.com','01657806732','',NULL,NULL,'2014-03-29 17:50:18','2014-03-29 17:50:18',''),(285,'Nguyễn Thị Trang','nguyentrang200594@gmail.com','01659879340','',NULL,NULL,'2014-03-29 17:51:09','2014-03-29 17:51:09',''),(286,'Vũ Thị Bưởi','hanam23102012@gmail.com','0965579151','',NULL,NULL,'2014-03-29 17:52:17','2014-03-29 17:52:17',''),(287,'Vũ Thị Liên','cucainho307@gmail.com','01676165152','',NULL,NULL,'2014-03-29 17:53:56','2014-03-29 17:53:56',''),(288,'Nguyễn Thị Nhung','nguyennhungulsa@gmail.com','0983355475','',NULL,NULL,'2014-03-29 17:55:14','2014-03-29 17:55:14',''),(289,'Nguyễn Thị Phương','nguyenphuonghrm@gmail.com','0972616702','',NULL,NULL,'2014-03-29 17:56:08','2014-03-29 17:56:08',''),(290,'Thân Thị Nhung','thannhung1994@gmail.com','0963135472','',NULL,NULL,'2014-03-29 17:57:47','2014-03-29 17:57:47',''),(291,'Nguyễn Thị Minh Trang','trangnguyenbk1995@gmail.com','01698298540','',NULL,NULL,'2014-04-04 03:46:39','2014-04-04 03:46:39',''),(292,'Nguyễn Lan Phương','lanp.0395@gmail.com','01632827985','',NULL,NULL,'2014-04-04 03:47:01','2014-04-04 03:47:01',''),(293,'Hoàng Linh Chi','chihl.350vn@gmail.com','0983058106','',NULL,NULL,'2014-04-04 03:47:38','2014-04-04 03:47:38',''),(294,'Bùi Thị Hoàng Yến','buihoangyen95@gmail.com','01249202902','',NULL,NULL,'2014-04-04 03:48:13','2014-04-04 03:48:13',''),(295,'Vũ Thu Nguyệt','m00nvu.95@gmail.com','01655992976','',NULL,NULL,'2014-04-04 03:48:35','2014-04-04 03:48:35',''),(296,'Phạm Thùy Trang','thuytrangg0811@gmail.com','01644938596','',NULL,NULL,'2014-04-04 03:50:09','2014-04-04 03:50:09',''),(297,'Lê Vân Anh','sujudonghaefisle@gmail.com','01627728551','',NULL,NULL,'2014-04-04 03:50:37','2014-04-04 03:50:37',''),(298,'Nguyễn Linh Chi','linhchi.0234.dp@gmail.com','01636069176','',NULL,NULL,'2014-04-04 03:51:37','2014-04-04 03:51:37',''),(299,'Trần Thị Hà Giang','flytotheskysofar@gmail.com','01635504325','',NULL,NULL,'2014-04-04 03:55:14','2014-04-04 03:55:14',''),(300,'Nguyễn Thảo Thư','nguyenthaothu1812@gmail.com','01657772769','',NULL,NULL,'2014-04-04 03:55:36','2014-04-04 03:55:36',''),(301,'Phan Thị Hằng','phanhang9595@gmail.com','0989152231','',NULL,NULL,'2014-04-04 03:59:33','2014-04-04 03:59:33',''),(302,'Kỳ Thanh Tuyến','kythanhtuyen17@gmail.com','01683623517','',NULL,NULL,'2014-04-04 03:59:53','2014-04-04 03:59:53',''),(303,'Phạm Thị Phương Thảo','','01694937383','',NULL,NULL,'2014-04-04 04:00:13','2014-04-04 04:00:13',''),(304,'Nguyễn Quang Anh','quanganhdungcam95@yahoo.com','01675460108','',NULL,NULL,'2014-04-04 04:02:00','2014-04-04 04:02:00',''),(305,'Đinh Công Doanh','doanhnb95@gmail.com','0976843216','',NULL,NULL,'2014-04-04 04:07:16','2014-04-04 04:07:16',''),(306,'Tạ Phương Thảo','phuongthao95@gmail.com','01647668950','',NULL,NULL,'2014-04-04 04:07:36','2014-04-04 04:07:36',''),(307,'Trần Minh Thu Hiền','shinchunis@yahoo.com','01698306037','',NULL,NULL,'2014-04-04 04:11:13','2014-04-04 04:11:13',''),(308,'Dương Thu Hương','totluvmom@gmail.com','','',NULL,NULL,'2014-04-04 04:11:34','2014-04-04 04:11:34',''),(309,'Trần Thị Kiều Oanh','trankieuoanh164@gmail.com','0962830417','',NULL,NULL,'2014-04-04 04:11:54','2014-04-04 04:11:54',''),(310,'Nguyễn Thị Hương Quỳnh','quynhexotics@gmail.com','0947700945','',NULL,NULL,'2014-04-04 04:12:44','2014-04-04 04:12:44',''),(311,'Vũ Thị Vân','vuvan198@gmail.com','0962641684','',NULL,NULL,'2014-04-04 04:13:04','2014-04-04 04:13:04',''),(312,'Nguyễn Thị Tuệ Minh','tueminh.xoai@gmail.com','0944340095','',NULL,NULL,'2014-04-04 04:14:27','2014-04-04 04:14:27',''),(313,'Nguyễn Thị Quỳnh Trang','pencilandpaper0710@gmail.com','01627886900','',NULL,NULL,'2014-04-04 04:14:46','2014-04-04 04:14:46',''),(314,'Vũ Thu Vân','v.bizy95@gmail.com','0989546366','',NULL,NULL,'2014-04-04 04:15:10','2014-04-04 04:15:10',''),(315,'Đặng Thị Hải Yến','bicuce@gmail.com','01672828130','',NULL,NULL,'2014-04-04 04:15:29','2014-04-04 04:15:29',''),(316,'Đỗ Thị Loan','loandothi95@gmail.com','0962823673','',NULL,NULL,'2014-04-04 07:56:31','2014-04-04 07:56:31',''),(317,'Phan Thị Hằng Nga','phanga602@gmail.com','0978108915','',NULL,NULL,'2014-04-04 08:02:57','2014-04-04 08:02:57',''),(318,'Trần Lê Phương Thảo','vicky.phuongthao@gmail.com','01693250062','',NULL,NULL,'2014-04-04 08:29:38','2014-04-04 08:29:38',''),(319,'Mai Thị Thủy','thuy7195@gmail.com','0945058184','',NULL,NULL,'2014-04-04 08:33:36','2014-04-04 08:33:36',''),(320,'Trương Thị Hạ Quyên','truonghaquyen@gmail.com','0989243288','',NULL,NULL,'2014-04-04 09:38:32','2014-04-04 09:38:32',''),(321,'Nguyễn Hà Giang','nhg260195@gmail.com','0975317761','',NULL,NULL,'2014-04-04 09:44:15','2014-04-04 09:44:15',''),(322,'Đỗ Thị Thạch Thảo','thaochopxinh95@gmail.com','01213354245','',NULL,NULL,'2014-04-04 09:45:19','2014-04-04 09:45:19','');
/*!40000 ALTER TABLE `people` ENABLE KEYS */;
UNLOCK TABLES;

--
-- Table structure for table `people_available_days`
--

DROP TABLE IF EXISTS `people_available_days`;
/*!40101 SET @saved_cs_client     = @@character_set_client */;
/*!40101 SET character_set_client = utf8 */;
CREATE TABLE `people_available_days` (
  `id` int(11) NOT NULL AUTO_INCREMENT,
  `m_day_id` int(11) DEFAULT NULL,
  `created_at` datetime DEFAULT NULL,
  `updated_at` datetime DEFAULT NULL,
  `campaign_person_id` int(11) DEFAULT NULL,
  PRIMARY KEY (`id`)
) ENGINE=InnoDB AUTO_INCREMENT=982 DEFAULT CHARSET=utf8;
/*!40101 SET character_set_client = @saved_cs_client */;

--
-- Dumping data for table `people_available_days`
--

LOCK TABLES `people_available_days` WRITE;
/*!40000 ALTER TABLE `people_available_days` DISABLE KEYS */;
INSERT INTO `people_available_days` VALUES (1,2,'2014-03-24 10:27:51','2014-03-24 10:27:51',NULL),(2,3,'2014-03-24 10:27:51','2014-03-24 10:27:51',NULL),(3,6,'2014-03-24 10:27:51','2014-03-24 10:27:51',NULL),(4,7,'2014-03-24 10:27:51','2014-03-24 10:27:51',NULL),(5,2,'2014-03-24 10:28:28','2014-03-24 10:28:28',NULL),(6,6,'2014-03-24 10:28:28','2014-03-24 10:28:28',NULL),(7,2,'2014-03-24 10:30:16','2014-03-24 10:30:16',NULL),(8,6,'2014-03-24 10:30:16','2014-03-24 10:30:16',NULL),(9,2,'2014-03-24 10:31:35','2014-03-24 10:31:35',NULL),(10,5,'2014-03-24 10:31:35','2014-03-24 10:31:35',NULL),(11,2,'2014-03-24 10:32:17','2014-03-24 10:32:17',NULL),(12,6,'2014-03-24 10:32:17','2014-03-24 10:32:17',NULL),(13,2,'2014-03-24 10:33:57','2014-03-24 10:33:57',NULL),(14,6,'2014-03-24 10:33:57','2014-03-24 10:33:57',NULL),(15,2,'2014-03-24 10:35:06','2014-03-24 10:35:06',NULL),(16,6,'2014-03-24 10:35:06','2014-03-24 10:35:06',NULL),(17,2,'2014-03-24 10:36:19','2014-03-24 10:36:19',NULL),(18,6,'2014-03-24 10:36:19','2014-03-24 10:36:19',NULL),(19,2,'2014-03-24 10:40:13','2014-03-24 10:40:13',NULL),(20,6,'2014-03-24 10:40:13','2014-03-24 10:40:13',NULL),(21,2,'2014-03-24 10:42:02','2014-03-24 10:42:02',NULL),(22,6,'2014-03-24 10:42:02','2014-03-24 10:42:02',NULL),(23,2,'2014-03-24 10:42:40','2014-03-24 10:42:40',NULL),(24,6,'2014-03-24 10:42:40','2014-03-24 10:42:40',NULL),(25,2,'2014-03-24 10:45:05','2014-03-24 10:45:05',NULL),(26,6,'2014-03-24 10:45:05','2014-03-24 10:45:05',NULL),(27,2,'2014-03-24 10:45:39','2014-03-24 10:45:39',NULL),(28,6,'2014-03-24 10:45:39','2014-03-24 10:45:39',NULL),(29,2,'2014-03-24 13:25:45','2014-03-24 13:25:45',NULL),(30,6,'2014-03-24 13:25:45','2014-03-24 13:25:45',NULL),(31,2,'2014-03-24 13:26:13','2014-03-24 13:26:13',NULL),(32,6,'2014-03-24 13:26:13','2014-03-24 13:26:13',NULL),(33,2,'2014-03-24 13:26:52','2014-03-24 13:26:52',NULL),(34,6,'2014-03-24 13:26:52','2014-03-24 13:26:52',NULL),(35,2,'2014-03-24 13:29:17','2014-03-24 13:29:17',NULL),(36,6,'2014-03-24 13:29:17','2014-03-24 13:29:17',NULL),(37,2,'2014-03-24 13:29:34','2014-03-24 13:29:34',NULL),(38,6,'2014-03-24 13:29:34','2014-03-24 13:29:34',NULL),(39,2,'2014-03-24 13:30:32','2014-03-24 13:30:32',NULL),(40,6,'2014-03-24 13:30:32','2014-03-24 13:30:32',NULL),(41,2,'2014-03-24 13:30:55','2014-03-24 13:30:55',NULL),(42,6,'2014-03-24 13:30:55','2014-03-24 13:30:55',NULL),(43,2,'2014-03-24 13:31:30','2014-03-24 13:31:30',NULL),(44,6,'2014-03-24 13:31:30','2014-03-24 13:31:30',NULL),(45,2,'2014-03-24 13:36:24','2014-03-24 13:36:24',NULL),(46,6,'2014-03-24 13:36:24','2014-03-24 13:36:24',NULL),(47,2,'2014-03-24 13:37:10','2014-03-24 13:37:10',NULL),(48,6,'2014-03-24 13:37:10','2014-03-24 13:37:10',NULL),(49,6,'2014-03-24 13:39:09','2014-03-24 13:39:09',NULL),(50,2,'2014-03-24 13:40:51','2014-03-24 13:40:51',NULL),(51,6,'2014-03-24 13:40:51','2014-03-24 13:40:51',NULL),(52,3,'2014-03-24 13:41:17','2014-03-24 13:41:17',NULL),(53,7,'2014-03-24 13:41:17','2014-03-24 13:41:17',NULL),(54,3,'2014-03-24 13:42:10','2014-03-24 13:42:10',NULL),(55,7,'2014-03-24 13:42:10','2014-03-24 13:42:10',NULL),(56,3,'2014-03-24 13:43:47','2014-03-24 13:43:47',NULL),(57,7,'2014-03-24 13:43:47','2014-03-24 13:43:47',NULL),(58,3,'2014-03-24 13:44:21','2014-03-24 13:44:21',NULL),(59,7,'2014-03-24 13:44:21','2014-03-24 13:44:21',NULL),(60,3,'2014-03-24 13:45:59','2014-03-24 13:45:59',NULL),(61,7,'2014-03-24 13:45:59','2014-03-24 13:45:59',NULL),(62,3,'2014-03-24 13:47:01','2014-03-24 13:47:01',NULL),(63,7,'2014-03-24 13:47:01','2014-03-24 13:47:01',NULL),(64,3,'2014-03-24 13:48:19','2014-03-24 13:48:19',NULL),(65,7,'2014-03-24 13:48:19','2014-03-24 13:48:19',NULL),(66,3,'2014-03-24 13:49:05','2014-03-24 13:49:05',NULL),(67,7,'2014-03-24 13:49:05','2014-03-24 13:49:05',NULL),(68,3,'2014-03-24 13:50:08','2014-03-24 13:50:08',NULL),(69,7,'2014-03-24 13:50:08','2014-03-24 13:50:08',NULL),(70,3,'2014-03-24 14:19:25','2014-03-24 14:19:25',NULL),(71,7,'2014-03-24 14:19:25','2014-03-24 14:19:25',NULL),(72,3,'2014-03-24 14:19:55','2014-03-24 14:19:55',NULL),(73,7,'2014-03-24 14:19:55','2014-03-24 14:19:55',NULL),(74,3,'2014-03-24 14:20:24','2014-03-24 14:20:24',NULL),(75,7,'2014-03-24 14:20:24','2014-03-24 14:20:24',NULL),(76,3,'2014-03-24 14:21:29','2014-03-24 14:21:29',NULL),(77,7,'2014-03-24 14:21:29','2014-03-24 14:21:29',NULL),(78,3,'2014-03-24 14:21:53','2014-03-24 14:21:53',NULL),(79,7,'2014-03-24 14:21:53','2014-03-24 14:21:53',NULL),(80,3,'2014-03-24 14:22:31','2014-03-24 14:22:31',NULL),(81,7,'2014-03-24 14:22:31','2014-03-24 14:22:31',NULL),(82,3,'2014-03-24 14:23:20','2014-03-24 14:23:20',NULL),(83,7,'2014-03-24 14:23:20','2014-03-24 14:23:20',NULL),(84,3,'2014-03-24 14:23:44','2014-03-24 14:23:44',NULL),(85,7,'2014-03-24 14:23:44','2014-03-24 14:23:44',NULL),(86,3,'2014-03-24 14:24:10','2014-03-24 14:24:10',NULL),(87,7,'2014-03-24 14:24:10','2014-03-24 14:24:10',NULL),(88,3,'2014-03-24 14:24:30','2014-03-24 14:24:30',NULL),(89,7,'2014-03-24 14:24:30','2014-03-24 14:24:30',NULL),(90,3,'2014-03-24 14:25:09','2014-03-24 14:25:09',NULL),(91,3,'2014-03-24 14:29:10','2014-03-24 14:29:10',NULL),(92,7,'2014-03-24 14:29:10','2014-03-24 14:29:10',NULL),(93,3,'2014-03-24 14:29:35','2014-03-24 14:29:35',NULL),(94,7,'2014-03-24 14:29:35','2014-03-24 14:29:35',NULL),(95,3,'2014-03-24 14:30:06','2014-03-24 14:30:06',NULL),(96,7,'2014-03-24 14:30:06','2014-03-24 14:30:06',NULL),(97,3,'2014-03-24 14:30:52','2014-03-24 14:30:52',NULL),(98,7,'2014-03-24 14:30:52','2014-03-24 14:30:52',NULL),(99,6,'2014-03-24 14:31:18','2014-03-24 14:31:18',NULL),(100,3,'2014-03-27 10:19:11','2014-03-27 10:19:11',NULL),(101,7,'2014-03-27 10:19:11','2014-03-27 10:19:11',NULL),(102,3,'2014-03-27 10:35:06','2014-03-27 10:35:06',NULL),(103,7,'2014-03-27 10:35:06','2014-03-27 10:35:06',NULL),(104,3,'2014-03-27 10:36:01','2014-03-27 10:36:01',NULL),(105,7,'2014-03-27 10:36:01','2014-03-27 10:36:01',NULL),(106,3,'2014-03-27 10:37:07','2014-03-27 10:37:07',NULL),(107,7,'2014-03-27 10:37:07','2014-03-27 10:37:07',NULL),(108,3,'2014-03-27 10:37:25','2014-03-27 10:37:25',NULL),(109,7,'2014-03-27 10:37:25','2014-03-27 10:37:25',NULL),(110,3,'2014-03-27 10:39:08','2014-03-27 10:39:08',NULL),(111,7,'2014-03-27 10:39:08','2014-03-27 10:39:08',NULL),(112,3,'2014-03-27 10:39:35','2014-03-27 10:39:35',NULL),(113,7,'2014-03-27 10:39:35','2014-03-27 10:39:35',NULL),(114,3,'2014-03-27 10:39:48','2014-03-27 10:39:48',NULL),(115,7,'2014-03-27 10:39:48','2014-03-27 10:39:48',NULL),(116,3,'2014-03-27 10:42:08','2014-03-27 10:42:08',NULL),(117,7,'2014-03-27 10:42:08','2014-03-27 10:42:08',NULL),(118,3,'2014-03-27 10:42:23','2014-03-27 10:42:23',NULL),(119,7,'2014-03-27 10:42:23','2014-03-27 10:42:23',NULL),(120,3,'2014-03-27 10:43:17','2014-03-27 10:43:17',NULL),(121,7,'2014-03-27 10:43:17','2014-03-27 10:43:17',NULL),(122,3,'2014-03-28 00:58:42','2014-03-28 00:58:42',NULL),(123,7,'2014-03-28 00:58:42','2014-03-28 00:58:42',NULL),(124,3,'2014-03-28 00:59:02','2014-03-28 00:59:02',NULL),(125,7,'2014-03-28 00:59:02','2014-03-28 00:59:02',NULL),(126,3,'2014-03-28 01:00:45','2014-03-28 01:00:45',NULL),(127,7,'2014-03-28 01:00:45','2014-03-28 01:00:45',NULL),(128,3,'2014-03-28 01:01:04','2014-03-28 01:01:04',NULL),(129,7,'2014-03-28 01:01:04','2014-03-28 01:01:04',NULL),(130,3,'2014-03-28 01:04:05','2014-03-28 01:04:05',NULL),(131,7,'2014-03-28 01:04:05','2014-03-28 01:04:05',NULL),(132,3,'2014-03-28 01:08:00','2014-03-28 01:08:00',NULL),(133,7,'2014-03-28 01:08:00','2014-03-28 01:08:00',NULL),(134,3,'2014-03-28 01:08:23','2014-03-28 01:08:23',NULL),(135,7,'2014-03-28 01:08:23','2014-03-28 01:08:23',NULL),(136,3,'2014-03-28 01:11:53','2014-03-28 01:11:53',NULL),(137,7,'2014-03-28 01:11:53','2014-03-28 01:11:53',NULL),(138,3,'2014-03-28 01:12:25','2014-03-28 01:12:25',NULL),(139,7,'2014-03-28 01:12:25','2014-03-28 01:12:25',NULL),(140,3,'2014-03-28 01:12:42','2014-03-28 01:12:42',NULL),(141,7,'2014-03-28 01:12:42','2014-03-28 01:12:42',NULL),(142,3,'2014-03-28 01:14:49','2014-03-28 01:14:49',NULL),(143,7,'2014-03-28 01:14:49','2014-03-28 01:14:49',NULL),(144,3,'2014-03-28 01:15:20','2014-03-28 01:15:20',NULL),(145,7,'2014-03-28 01:15:20','2014-03-28 01:15:20',NULL),(146,3,'2014-03-28 01:15:53','2014-03-28 01:15:53',NULL),(147,7,'2014-03-28 01:15:53','2014-03-28 01:15:53',NULL),(148,3,'2014-03-28 01:16:13','2014-03-28 01:16:13',NULL),(149,7,'2014-03-28 01:16:13','2014-03-28 01:16:13',NULL),(150,3,'2014-03-28 01:19:45','2014-03-28 01:19:45',NULL),(151,7,'2014-03-28 01:19:45','2014-03-28 01:19:45',NULL),(152,3,'2014-03-28 01:20:00','2014-03-28 01:20:00',NULL),(153,7,'2014-03-28 01:20:00','2014-03-28 01:20:00',NULL),(154,3,'2014-03-28 01:20:38','2014-03-28 01:20:38',NULL),(155,7,'2014-03-28 01:20:38','2014-03-28 01:20:38',NULL),(156,3,'2014-03-28 01:21:26','2014-03-28 01:21:26',NULL),(157,7,'2014-03-28 01:21:26','2014-03-28 01:21:26',NULL),(158,3,'2014-03-28 01:21:46','2014-03-28 01:21:46',NULL),(159,7,'2014-03-28 01:21:46','2014-03-28 01:21:46',NULL),(160,3,'2014-03-28 01:22:13','2014-03-28 01:22:13',NULL),(161,7,'2014-03-28 01:22:13','2014-03-28 01:22:13',NULL),(162,3,'2014-03-28 01:22:30','2014-03-28 01:22:30',NULL),(163,7,'2014-03-28 01:22:30','2014-03-28 01:22:30',NULL),(164,3,'2014-03-28 01:22:59','2014-03-28 01:22:59',NULL),(165,7,'2014-03-28 01:22:59','2014-03-28 01:22:59',NULL),(166,3,'2014-03-28 01:26:25','2014-03-28 01:26:25',NULL),(167,7,'2014-03-28 01:26:25','2014-03-28 01:26:25',NULL),(168,3,'2014-03-28 01:27:17','2014-03-28 01:27:17',NULL),(169,7,'2014-03-28 01:27:17','2014-03-28 01:27:17',NULL),(170,3,'2014-03-28 01:28:24','2014-03-28 01:28:24',NULL),(171,7,'2014-03-28 01:28:24','2014-03-28 01:28:24',NULL),(172,3,'2014-03-28 01:30:40','2014-03-28 01:30:40',NULL),(173,7,'2014-03-28 01:30:40','2014-03-28 01:30:40',NULL),(174,3,'2014-03-28 01:31:07','2014-03-28 01:31:07',NULL),(175,7,'2014-03-28 01:31:07','2014-03-28 01:31:07',NULL),(176,3,'2014-03-28 01:32:44','2014-03-28 01:32:44',NULL),(177,7,'2014-03-28 01:32:44','2014-03-28 01:32:44',NULL),(178,3,'2014-03-28 01:33:01','2014-03-28 01:33:01',NULL),(179,7,'2014-03-28 01:33:01','2014-03-28 01:33:01',NULL),(180,3,'2014-03-28 01:33:23','2014-03-28 01:33:23',NULL),(181,7,'2014-03-28 01:33:23','2014-03-28 01:33:23',NULL),(182,3,'2014-03-28 01:41:48','2014-03-28 01:41:48',NULL),(183,7,'2014-03-28 01:41:48','2014-03-28 01:41:48',NULL),(184,3,'2014-03-28 01:42:11','2014-03-28 01:42:11',NULL),(185,7,'2014-03-28 01:42:11','2014-03-28 01:42:11',NULL),(186,3,'2014-03-28 01:43:52','2014-03-28 01:43:52',NULL),(187,7,'2014-03-28 01:43:52','2014-03-28 01:43:52',NULL),(188,3,'2014-03-28 01:44:10','2014-03-28 01:44:10',NULL),(189,7,'2014-03-28 01:44:10','2014-03-28 01:44:10',NULL),(190,3,'2014-03-28 01:44:34','2014-03-28 01:44:34',NULL),(191,7,'2014-03-28 01:44:34','2014-03-28 01:44:34',NULL),(192,3,'2014-03-28 02:17:31','2014-03-28 02:17:31',NULL),(193,7,'2014-03-28 02:17:31','2014-03-28 02:17:31',NULL),(194,3,'2014-03-28 02:18:17','2014-03-28 02:18:17',NULL),(195,7,'2014-03-28 02:18:17','2014-03-28 02:18:17',NULL),(196,3,'2014-03-28 02:18:37','2014-03-28 02:18:37',NULL),(197,7,'2014-03-28 02:18:37','2014-03-28 02:18:37',NULL),(198,3,'2014-03-28 02:18:57','2014-03-28 02:18:57',NULL),(199,7,'2014-03-28 02:18:57','2014-03-28 02:18:57',NULL),(200,3,'2014-03-28 02:20:13','2014-03-28 02:20:13',NULL),(201,7,'2014-03-28 02:20:13','2014-03-28 02:20:13',NULL),(202,3,'2014-03-28 02:21:46','2014-03-28 02:21:46',NULL),(203,7,'2014-03-28 02:21:46','2014-03-28 02:21:46',NULL),(204,3,'2014-03-28 02:22:08','2014-03-28 02:22:08',NULL),(205,7,'2014-03-28 02:22:08','2014-03-28 02:22:08',NULL),(206,3,'2014-03-28 02:22:32','2014-03-28 02:22:32',NULL),(207,7,'2014-03-28 02:22:32','2014-03-28 02:22:32',NULL),(208,3,'2014-03-28 02:23:11','2014-03-28 02:23:11',NULL),(209,7,'2014-03-28 02:23:11','2014-03-28 02:23:11',NULL),(210,3,'2014-03-28 02:24:30','2014-03-28 02:24:30',NULL),(211,7,'2014-03-28 02:24:30','2014-03-28 02:24:30',NULL),(212,3,'2014-03-28 02:25:06','2014-03-28 02:25:06',NULL),(213,7,'2014-03-28 02:25:06','2014-03-28 02:25:06',NULL),(214,3,'2014-03-28 02:25:40','2014-03-28 02:25:40',NULL),(215,7,'2014-03-28 02:25:40','2014-03-28 02:25:40',NULL),(216,3,'2014-03-28 02:49:23','2014-03-28 02:49:23',NULL),(217,7,'2014-03-28 02:49:23','2014-03-28 02:49:23',NULL),(218,3,'2014-03-28 02:49:40','2014-03-28 02:49:40',NULL),(219,7,'2014-03-28 02:49:40','2014-03-28 02:49:40',NULL),(220,3,'2014-03-28 02:50:00','2014-03-28 02:50:00',NULL),(221,7,'2014-03-28 02:50:00','2014-03-28 02:50:00',NULL),(222,3,'2014-03-28 02:50:16','2014-03-28 02:50:16',NULL),(223,7,'2014-03-28 02:50:16','2014-03-28 02:50:16',NULL),(224,3,'2014-03-28 02:50:40','2014-03-28 02:50:40',NULL),(225,7,'2014-03-28 02:50:40','2014-03-28 02:50:40',NULL),(228,2,'2014-03-28 02:51:28','2014-03-28 02:51:28',NULL),(229,6,'2014-03-28 02:51:28','2014-03-28 02:51:28',NULL),(230,2,'2014-03-28 02:52:25','2014-03-28 02:52:25',NULL),(231,6,'2014-03-28 02:52:25','2014-03-28 02:52:25',NULL),(232,2,'2014-03-28 02:52:45','2014-03-28 02:52:45',NULL),(233,6,'2014-03-28 02:52:45','2014-03-28 02:52:45',NULL),(234,2,'2014-03-28 02:53:08','2014-03-28 02:53:08',NULL),(235,6,'2014-03-28 02:53:08','2014-03-28 02:53:08',NULL),(236,2,'2014-03-28 02:55:18','2014-03-28 02:55:18',NULL),(237,6,'2014-03-28 02:55:18','2014-03-28 02:55:18',NULL),(238,2,'2014-03-28 02:55:58','2014-03-28 02:55:58',NULL),(239,6,'2014-03-28 02:55:58','2014-03-28 02:55:58',NULL),(240,2,'2014-03-28 02:56:23','2014-03-28 02:56:23',NULL),(241,6,'2014-03-28 02:56:23','2014-03-28 02:56:23',NULL),(242,2,'2014-03-28 02:56:53','2014-03-28 02:56:53',NULL),(243,6,'2014-03-28 02:56:53','2014-03-28 02:56:53',NULL),(244,2,'2014-03-28 02:57:10','2014-03-28 02:57:10',NULL),(245,6,'2014-03-28 02:57:10','2014-03-28 02:57:10',NULL),(246,2,'2014-03-28 02:58:45','2014-03-28 02:58:45',NULL),(247,6,'2014-03-28 02:58:45','2014-03-28 02:58:45',NULL),(248,2,'2014-03-28 02:58:57','2014-03-28 02:58:57',NULL),(249,6,'2014-03-28 02:58:57','2014-03-28 02:58:57',NULL),(250,2,'2014-03-28 03:01:51','2014-03-28 03:01:51',NULL),(251,6,'2014-03-28 03:01:51','2014-03-28 03:01:51',NULL),(252,2,'2014-03-28 03:02:08','2014-03-28 03:02:08',NULL),(253,6,'2014-03-28 03:02:08','2014-03-28 03:02:08',NULL),(254,6,'2014-03-28 03:02:38','2014-03-28 03:02:38',NULL),(255,2,'2014-03-28 03:03:01','2014-03-28 03:03:01',NULL),(256,6,'2014-03-28 03:03:01','2014-03-28 03:03:01',NULL),(257,2,'2014-03-28 03:05:57','2014-03-28 03:05:57',NULL),(258,6,'2014-03-28 03:05:57','2014-03-28 03:05:57',NULL),(259,2,'2014-03-28 03:07:09','2014-03-28 03:07:09',NULL),(260,6,'2014-03-28 03:07:09','2014-03-28 03:07:09',NULL),(261,2,'2014-03-28 03:07:36','2014-03-28 03:07:36',NULL),(262,6,'2014-03-28 03:07:36','2014-03-28 03:07:36',NULL),(263,2,'2014-03-28 03:07:54','2014-03-28 03:07:54',NULL),(264,6,'2014-03-28 03:07:54','2014-03-28 03:07:54',NULL),(265,2,'2014-03-28 03:08:11','2014-03-28 03:08:11',NULL),(266,6,'2014-03-28 03:08:11','2014-03-28 03:08:11',NULL),(267,2,'2014-03-28 03:08:34','2014-03-28 03:08:34',NULL),(268,6,'2014-03-28 03:08:34','2014-03-28 03:08:34',NULL),(269,2,'2014-03-28 03:09:10','2014-03-28 03:09:10',NULL),(270,6,'2014-03-28 03:09:10','2014-03-28 03:09:10',NULL),(271,2,'2014-03-28 03:09:28','2014-03-28 03:09:28',NULL),(272,6,'2014-03-28 03:09:28','2014-03-28 03:09:28',NULL),(273,2,'2014-03-28 03:10:24','2014-03-28 03:10:24',NULL),(274,6,'2014-03-28 03:10:24','2014-03-28 03:10:24',NULL),(275,2,'2014-03-28 03:10:42','2014-03-28 03:10:42',NULL),(276,6,'2014-03-28 03:10:42','2014-03-28 03:10:42',NULL),(277,2,'2014-03-28 03:11:09','2014-03-28 03:11:09',NULL),(278,6,'2014-03-28 03:11:09','2014-03-28 03:11:09',NULL),(279,2,'2014-03-28 03:14:32','2014-03-28 03:14:32',NULL),(280,6,'2014-03-28 03:14:32','2014-03-28 03:14:32',NULL),(281,2,'2014-03-28 03:15:01','2014-03-28 03:15:01',NULL),(282,6,'2014-03-28 03:15:01','2014-03-28 03:15:01',NULL),(283,2,'2014-03-28 03:15:25','2014-03-28 03:15:25',NULL),(284,3,'2014-03-28 03:15:25','2014-03-28 03:15:25',NULL),(285,6,'2014-03-28 03:15:25','2014-03-28 03:15:25',NULL),(286,2,'2014-03-28 03:15:52','2014-03-28 03:15:52',NULL),(287,6,'2014-03-28 03:15:52','2014-03-28 03:15:52',NULL),(288,2,'2014-03-28 03:16:11','2014-03-28 03:16:11',NULL),(289,6,'2014-03-28 03:16:11','2014-03-28 03:16:11',NULL),(290,2,'2014-03-28 03:16:47','2014-03-28 03:16:47',NULL),(291,6,'2014-03-28 03:16:47','2014-03-28 03:16:47',NULL),(292,2,'2014-03-28 03:17:15','2014-03-28 03:17:15',NULL),(293,2,'2014-03-28 03:17:43','2014-03-28 03:17:43',NULL),(294,6,'2014-03-28 03:17:43','2014-03-28 03:17:43',NULL),(295,2,'2014-03-28 03:18:11','2014-03-28 03:18:11',NULL),(296,6,'2014-03-28 03:18:11','2014-03-28 03:18:11',NULL),(297,2,'2014-03-28 03:18:32','2014-03-28 03:18:32',NULL),(298,6,'2014-03-28 03:18:32','2014-03-28 03:18:32',NULL),(299,2,'2014-03-28 03:18:51','2014-03-28 03:18:51',NULL),(300,6,'2014-03-28 03:18:51','2014-03-28 03:18:51',NULL),(301,2,'2014-03-28 03:19:11','2014-03-28 03:19:11',NULL),(302,6,'2014-03-28 03:19:11','2014-03-28 03:19:11',NULL),(303,2,'2014-03-28 03:20:00','2014-03-28 03:20:00',NULL),(304,6,'2014-03-28 03:20:00','2014-03-28 03:20:00',NULL),(305,2,'2014-03-28 03:20:27','2014-03-28 03:20:27',NULL),(306,6,'2014-03-28 03:20:27','2014-03-28 03:20:27',NULL),(307,3,'2014-03-28 03:21:02','2014-03-28 03:21:02',NULL),(308,7,'2014-03-28 03:21:02','2014-03-28 03:21:02',NULL),(309,3,'2014-03-28 03:21:25','2014-03-28 03:21:25',NULL),(310,7,'2014-03-28 03:21:25','2014-03-28 03:21:25',NULL),(311,3,'2014-03-28 03:21:48','2014-03-28 03:21:48',NULL),(312,7,'2014-03-28 03:21:48','2014-03-28 03:21:48',NULL),(313,2,'2014-03-28 03:23:09','2014-03-28 03:23:09',NULL),(314,6,'2014-03-28 03:23:09','2014-03-28 03:23:09',NULL),(315,2,'2014-03-28 03:32:38','2014-03-28 03:32:38',NULL),(316,3,'2014-03-28 03:32:38','2014-03-28 03:32:38',NULL),(317,6,'2014-03-28 03:32:38','2014-03-28 03:32:38',NULL),(318,7,'2014-03-28 03:32:38','2014-03-28 03:32:38',NULL),(319,2,'2014-03-28 03:33:05','2014-03-28 03:33:05',NULL),(320,3,'2014-03-28 03:33:05','2014-03-28 03:33:05',NULL),(321,6,'2014-03-28 03:33:05','2014-03-28 03:33:05',NULL),(322,7,'2014-03-28 03:33:05','2014-03-28 03:33:05',NULL),(323,2,'2014-03-28 03:33:30','2014-03-28 03:33:30',NULL),(324,3,'2014-03-28 03:33:30','2014-03-28 03:33:30',NULL),(325,6,'2014-03-28 03:33:30','2014-03-28 03:33:30',NULL),(326,7,'2014-03-28 03:33:30','2014-03-28 03:33:30',NULL),(327,2,'2014-03-28 03:35:16','2014-03-28 03:35:16',NULL),(328,6,'2014-03-28 03:35:16','2014-03-28 03:35:16',NULL),(329,2,'2014-03-28 03:36:57','2014-03-28 03:36:57',NULL),(330,6,'2014-03-28 03:36:57','2014-03-28 03:36:57',NULL),(331,2,'2014-03-28 03:38:32','2014-03-28 03:38:32',NULL),(332,6,'2014-03-28 03:38:32','2014-03-28 03:38:32',NULL),(333,2,'2014-03-28 03:40:17','2014-03-28 03:40:17',NULL),(334,6,'2014-03-28 03:40:17','2014-03-28 03:40:17',NULL),(335,2,'2014-03-28 03:40:57','2014-03-28 03:40:57',NULL),(336,6,'2014-03-28 03:40:57','2014-03-28 03:40:57',NULL),(337,2,'2014-03-28 03:41:31','2014-03-28 03:41:31',NULL),(338,6,'2014-03-28 03:41:31','2014-03-28 03:41:31',NULL),(339,2,'2014-03-28 03:42:34','2014-03-28 03:42:34',NULL),(340,6,'2014-03-28 03:42:34','2014-03-28 03:42:34',NULL),(341,3,'2014-03-28 03:43:53','2014-03-28 03:43:53',NULL),(342,7,'2014-03-28 03:43:53','2014-03-28 03:43:53',NULL),(343,3,'2014-03-28 03:44:09','2014-03-28 03:44:09',NULL),(344,3,'2014-03-28 03:45:27','2014-03-28 03:45:27',NULL),(345,3,'2014-03-28 03:45:53','2014-03-28 03:45:53',NULL),(346,7,'2014-03-28 03:45:53','2014-03-28 03:45:53',NULL),(347,3,'2014-03-28 03:46:22','2014-03-28 03:46:22',NULL),(348,7,'2014-03-28 03:46:22','2014-03-28 03:46:22',NULL),(349,3,'2014-03-28 03:48:20','2014-03-28 03:48:20',NULL),(350,7,'2014-03-28 03:48:20','2014-03-28 03:48:20',NULL),(351,3,'2014-03-28 03:48:33','2014-03-28 03:48:33',NULL),(352,7,'2014-03-28 03:48:33','2014-03-28 03:48:33',NULL),(353,3,'2014-03-28 03:49:02','2014-03-28 03:49:02',NULL),(354,7,'2014-03-28 03:49:02','2014-03-28 03:49:02',NULL),(355,3,'2014-03-28 03:49:25','2014-03-28 03:49:25',NULL),(356,7,'2014-03-28 03:49:25','2014-03-28 03:49:25',NULL),(357,3,'2014-03-28 03:51:33','2014-03-28 03:51:33',NULL),(358,7,'2014-03-28 03:51:33','2014-03-28 03:51:33',NULL),(359,3,'2014-03-28 03:58:36','2014-03-28 03:58:36',NULL),(360,7,'2014-03-28 03:58:36','2014-03-28 03:58:36',NULL),(361,3,'2014-03-28 03:58:53','2014-03-28 03:58:53',NULL),(362,7,'2014-03-28 03:58:53','2014-03-28 03:58:53',NULL),(363,3,'2014-03-28 03:59:17','2014-03-28 03:59:17',NULL),(364,7,'2014-03-28 03:59:17','2014-03-28 03:59:17',NULL),(365,3,'2014-03-28 03:59:35','2014-03-28 03:59:35',NULL),(366,7,'2014-03-28 03:59:35','2014-03-28 03:59:35',NULL),(367,3,'2014-03-28 03:59:53','2014-03-28 03:59:53',NULL),(368,7,'2014-03-28 03:59:53','2014-03-28 03:59:53',NULL),(369,2,'2014-03-28 06:12:46','2014-03-28 06:12:46',NULL),(370,6,'2014-03-28 06:12:46','2014-03-28 06:12:46',NULL),(371,3,'2014-03-28 06:17:46','2014-03-28 06:17:46',NULL),(372,7,'2014-03-28 06:17:46','2014-03-28 06:17:46',NULL),(373,2,'2014-03-28 06:18:35','2014-03-28 06:18:35',NULL),(374,6,'2014-03-28 06:18:35','2014-03-28 06:18:35',NULL),(375,3,'2014-03-28 06:19:29','2014-03-28 06:19:29',NULL),(376,7,'2014-03-28 06:19:29','2014-03-28 06:19:29',NULL),(378,3,'2014-03-28 06:33:57','2014-03-28 06:33:57',NULL),(379,7,'2014-03-28 06:33:57','2014-03-28 06:33:57',NULL),(380,3,'2014-03-28 06:34:25','2014-03-28 06:34:25',NULL),(381,7,'2014-03-28 06:34:25','2014-03-28 06:34:25',NULL),(382,1,'2014-03-28 06:34:50','2014-03-28 06:34:50',NULL),(383,3,'2014-03-28 06:35:17','2014-03-28 06:35:17',NULL),(384,7,'2014-03-28 06:35:17','2014-03-28 06:35:17',NULL),(385,3,'2014-03-28 06:35:39','2014-03-28 06:35:39',NULL),(386,7,'2014-03-28 06:35:39','2014-03-28 06:35:39',NULL),(387,3,'2014-03-28 06:36:19','2014-03-28 06:36:19',NULL),(388,7,'2014-03-28 06:36:19','2014-03-28 06:36:19',NULL),(389,3,'2014-03-28 06:54:04','2014-03-28 06:54:04',NULL),(390,7,'2014-03-28 06:54:04','2014-03-28 06:54:04',NULL),(391,3,'2014-03-28 06:54:29','2014-03-28 06:54:29',NULL),(392,7,'2014-03-28 06:54:29','2014-03-28 06:54:29',NULL),(393,2,'2014-03-28 06:54:49','2014-03-28 06:54:49',NULL),(394,6,'2014-03-28 06:54:49','2014-03-28 06:54:49',NULL),(397,3,'2014-03-28 06:55:48','2014-03-28 06:55:48',NULL),(398,7,'2014-03-28 06:55:48','2014-03-28 06:55:48',NULL),(399,2,'2014-03-28 06:56:05','2014-03-28 06:56:05',NULL),(400,6,'2014-03-28 06:56:05','2014-03-28 06:56:05',NULL),(401,2,'2014-03-28 06:56:55','2014-03-28 06:56:55',NULL),(402,6,'2014-03-28 06:56:55','2014-03-28 06:56:55',NULL),(403,2,'2014-03-28 06:57:34','2014-03-28 06:57:34',NULL),(404,6,'2014-03-28 06:57:34','2014-03-28 06:57:34',NULL),(405,2,'2014-03-28 06:57:54','2014-03-28 06:57:54',NULL),(406,6,'2014-03-28 06:57:54','2014-03-28 06:57:54',NULL),(407,2,'2014-03-28 06:58:18','2014-03-28 06:58:18',NULL),(408,6,'2014-03-28 06:58:18','2014-03-28 06:58:18',NULL),(409,3,'2014-03-28 06:58:36','2014-03-28 06:58:36',NULL),(410,7,'2014-03-28 06:58:36','2014-03-28 06:58:36',NULL),(411,3,'2014-03-28 07:20:49','2014-03-28 07:20:49',NULL),(412,7,'2014-03-28 07:20:49','2014-03-28 07:20:49',NULL),(413,2,'2014-03-28 07:21:31','2014-03-28 07:21:31',NULL),(414,6,'2014-03-28 07:21:31','2014-03-28 07:21:31',NULL),(415,3,'2014-03-28 07:22:01','2014-03-28 07:22:01',NULL),(416,7,'2014-03-28 07:22:01','2014-03-28 07:22:01',NULL),(417,3,'2014-03-28 07:25:24','2014-03-28 07:25:24',NULL),(418,7,'2014-03-28 07:25:24','2014-03-28 07:25:24',NULL),(419,3,'2014-03-28 07:25:40','2014-03-28 07:25:40',NULL),(420,7,'2014-03-28 07:25:40','2014-03-28 07:25:40',NULL),(421,3,'2014-03-28 07:25:54','2014-03-28 07:25:54',NULL),(422,7,'2014-03-28 07:25:54','2014-03-28 07:25:54',NULL),(423,2,'2014-03-29 09:56:29','2014-03-29 09:56:29',1),(424,3,'2014-03-29 09:56:29','2014-03-29 09:56:29',1),(425,6,'2014-03-29 09:56:29','2014-03-29 09:56:29',1),(426,7,'2014-03-29 09:56:29','2014-03-29 09:56:29',1),(427,2,'2014-03-29 09:56:29','2014-03-29 09:56:29',2),(428,6,'2014-03-29 09:56:29','2014-03-29 09:56:29',2),(429,2,'2014-03-29 09:56:29','2014-03-29 09:56:29',3),(430,6,'2014-03-29 09:56:29','2014-03-29 09:56:29',3),(431,2,'2014-03-29 09:56:29','2014-03-29 09:56:29',4),(432,5,'2014-03-29 09:56:29','2014-03-29 09:56:29',4),(433,2,'2014-03-29 09:56:29','2014-03-29 09:56:29',5),(434,6,'2014-03-29 09:56:29','2014-03-29 09:56:29',5),(435,2,'2014-03-29 09:56:29','2014-03-29 09:56:29',6),(436,6,'2014-03-29 09:56:29','2014-03-29 09:56:29',6),(437,2,'2014-03-29 09:56:29','2014-03-29 09:56:29',7),(438,6,'2014-03-29 09:56:29','2014-03-29 09:56:29',7),(439,2,'2014-03-29 09:56:29','2014-03-29 09:56:29',8),(440,6,'2014-03-29 09:56:29','2014-03-29 09:56:29',8),(441,2,'2014-03-29 09:56:29','2014-03-29 09:56:29',9),(442,6,'2014-03-29 09:56:29','2014-03-29 09:56:29',9),(443,2,'2014-03-29 09:56:29','2014-03-29 09:56:29',10),(444,6,'2014-03-29 09:56:29','2014-03-29 09:56:29',10),(445,2,'2014-03-29 09:56:29','2014-03-29 09:56:29',11),(446,6,'2014-03-29 09:56:29','2014-03-29 09:56:29',11),(447,2,'2014-03-29 09:56:29','2014-03-29 09:56:29',12),(448,6,'2014-03-29 09:56:29','2014-03-29 09:56:29',12),(449,2,'2014-03-29 09:56:29','2014-03-29 09:56:29',13),(450,6,'2014-03-29 09:56:29','2014-03-29 09:56:29',13),(451,2,'2014-03-29 09:56:29','2014-03-29 09:56:29',30),(452,6,'2014-03-29 09:56:30','2014-03-29 09:56:30',30),(453,2,'2014-03-29 09:56:30','2014-03-29 09:56:30',31),(454,6,'2014-03-29 09:56:30','2014-03-29 09:56:30',31),(455,2,'2014-03-29 09:56:30','2014-03-29 09:56:30',32),(456,6,'2014-03-29 09:56:30','2014-03-29 09:56:30',32),(457,2,'2014-03-29 09:56:30','2014-03-29 09:56:30',33),(458,6,'2014-03-29 09:56:30','2014-03-29 09:56:30',33),(459,2,'2014-03-29 09:56:30','2014-03-29 09:56:30',34),(460,6,'2014-03-29 09:56:30','2014-03-29 09:56:30',34),(461,2,'2014-03-29 09:56:30','2014-03-29 09:56:30',35),(462,6,'2014-03-29 09:56:30','2014-03-29 09:56:30',35),(463,2,'2014-03-29 09:56:30','2014-03-29 09:56:30',36),(464,6,'2014-03-29 09:56:30','2014-03-29 09:56:30',36),(465,2,'2014-03-29 09:56:30','2014-03-29 09:56:30',37),(466,6,'2014-03-29 09:56:30','2014-03-29 09:56:30',37),(467,2,'2014-03-29 09:56:30','2014-03-29 09:56:30',39),(468,6,'2014-03-29 09:56:30','2014-03-29 09:56:30',39),(469,2,'2014-03-29 09:56:30','2014-03-29 09:56:30',40),(470,6,'2014-03-29 09:56:30','2014-03-29 09:56:30',40),(471,6,'2014-03-29 09:56:30','2014-03-29 09:56:30',41),(472,2,'2014-03-29 09:56:30','2014-03-29 09:56:30',42),(473,6,'2014-03-29 09:56:30','2014-03-29 09:56:30',42),(474,3,'2014-03-29 09:56:30','2014-03-29 09:56:30',43),(475,7,'2014-03-29 09:56:30','2014-03-29 09:56:30',43),(476,3,'2014-03-29 09:56:30','2014-03-29 09:56:30',44),(477,7,'2014-03-29 09:56:30','2014-03-29 09:56:30',44),(478,3,'2014-03-29 09:56:30','2014-03-29 09:56:30',45),(479,7,'2014-03-29 09:56:30','2014-03-29 09:56:30',45),(480,3,'2014-03-29 09:56:30','2014-03-29 09:56:30',46),(481,7,'2014-03-29 09:56:30','2014-03-29 09:56:30',46),(482,3,'2014-03-29 09:56:30','2014-03-29 09:56:30',47),(483,7,'2014-03-29 09:56:30','2014-03-29 09:56:30',47),(484,3,'2014-03-29 09:56:30','2014-03-29 09:56:30',48),(485,7,'2014-03-29 09:56:30','2014-03-29 09:56:30',48),(486,3,'2014-03-29 09:56:30','2014-03-29 09:56:30',49),(487,7,'2014-03-29 09:56:30','2014-03-29 09:56:30',49),(488,3,'2014-03-29 09:56:30','2014-03-29 09:56:30',50),(489,7,'2014-03-29 09:56:30','2014-03-29 09:56:30',50),(490,3,'2014-03-29 09:56:30','2014-03-29 09:56:30',51),(491,7,'2014-03-29 09:56:30','2014-03-29 09:56:30',51),(492,3,'2014-03-29 09:56:30','2014-03-29 09:56:30',52),(493,7,'2014-03-29 09:56:30','2014-03-29 09:56:30',52),(494,3,'2014-03-29 09:56:30','2014-03-29 09:56:30',53),(495,7,'2014-03-29 09:56:30','2014-03-29 09:56:30',53),(496,3,'2014-03-29 09:56:30','2014-03-29 09:56:30',54),(497,7,'2014-03-29 09:56:30','2014-03-29 09:56:30',54),(498,3,'2014-03-29 09:56:30','2014-03-29 09:56:30',55),(499,7,'2014-03-29 09:56:30','2014-03-29 09:56:30',55),(500,3,'2014-03-29 09:56:30','2014-03-29 09:56:30',56),(501,7,'2014-03-29 09:56:30','2014-03-29 09:56:30',56),(502,3,'2014-03-29 09:56:30','2014-03-29 09:56:30',57),(503,7,'2014-03-29 09:56:30','2014-03-29 09:56:30',57),(504,3,'2014-03-29 09:56:30','2014-03-29 09:56:30',58),(505,7,'2014-03-29 09:56:30','2014-03-29 09:56:30',58),(506,3,'2014-03-29 09:56:30','2014-03-29 09:56:30',59),(507,7,'2014-03-29 09:56:30','2014-03-29 09:56:30',59),(508,3,'2014-03-29 09:56:30','2014-03-29 09:56:30',60),(509,7,'2014-03-29 09:56:30','2014-03-29 09:56:30',60),(510,3,'2014-03-29 09:56:30','2014-03-29 09:56:30',61),(511,7,'2014-03-29 09:56:30','2014-03-29 09:56:30',61),(512,3,'2014-03-29 09:56:30','2014-03-29 09:56:30',63),(513,3,'2014-03-29 09:56:30','2014-03-29 09:56:30',68),(514,7,'2014-03-29 09:56:30','2014-03-29 09:56:30',68),(515,3,'2014-03-29 09:56:30','2014-03-29 09:56:30',69),(516,7,'2014-03-29 09:56:30','2014-03-29 09:56:30',69),(517,3,'2014-03-29 09:56:30','2014-03-29 09:56:30',70),(518,7,'2014-03-29 09:56:30','2014-03-29 09:56:30',70),(519,3,'2014-03-29 09:56:30','2014-03-29 09:56:30',71),(520,7,'2014-03-29 09:56:30','2014-03-29 09:56:30',71),(521,6,'2014-03-29 09:56:30','2014-03-29 09:56:30',72),(522,3,'2014-03-29 09:56:30','2014-03-29 09:56:30',94),(523,7,'2014-03-29 09:56:30','2014-03-29 09:56:30',94),(524,3,'2014-03-29 09:56:30','2014-03-29 09:56:30',95),(525,7,'2014-03-29 09:56:30','2014-03-29 09:56:30',95),(526,3,'2014-03-29 09:56:30','2014-03-29 09:56:30',96),(527,7,'2014-03-29 09:56:30','2014-03-29 09:56:30',96),(528,3,'2014-03-29 09:56:30','2014-03-29 09:56:30',97),(529,7,'2014-03-29 09:56:30','2014-03-29 09:56:30',97),(530,3,'2014-03-29 09:56:30','2014-03-29 09:56:30',98),(531,7,'2014-03-29 09:56:30','2014-03-29 09:56:30',98),(532,3,'2014-03-29 09:56:30','2014-03-29 09:56:30',99),(533,7,'2014-03-29 09:56:30','2014-03-29 09:56:30',99),(534,3,'2014-03-29 09:56:30','2014-03-29 09:56:30',100),(535,7,'2014-03-29 09:56:30','2014-03-29 09:56:30',100),(536,3,'2014-03-29 09:56:30','2014-03-29 09:56:30',101),(537,7,'2014-03-29 09:56:30','2014-03-29 09:56:30',101),(538,3,'2014-03-29 09:56:30','2014-03-29 09:56:30',102),(539,7,'2014-03-29 09:56:30','2014-03-29 09:56:30',102),(540,3,'2014-03-29 09:56:30','2014-03-29 09:56:30',103),(541,7,'2014-03-29 09:56:30','2014-03-29 09:56:30',103),(542,3,'2014-03-29 09:56:30','2014-03-29 09:56:30',104),(543,7,'2014-03-29 09:56:30','2014-03-29 09:56:30',104),(544,3,'2014-03-29 09:56:30','2014-03-29 09:56:30',105),(545,7,'2014-03-29 09:56:30','2014-03-29 09:56:30',105),(546,3,'2014-03-29 09:56:30','2014-03-29 09:56:30',106),(547,7,'2014-03-29 09:56:30','2014-03-29 09:56:30',106),(548,3,'2014-03-29 09:56:30','2014-03-29 09:56:30',107),(549,7,'2014-03-29 09:56:30','2014-03-29 09:56:30',107),(550,3,'2014-03-29 09:56:30','2014-03-29 09:56:30',108),(551,7,'2014-03-29 09:56:30','2014-03-29 09:56:30',108),(552,3,'2014-03-29 09:56:30','2014-03-29 09:56:30',109),(553,7,'2014-03-29 09:56:30','2014-03-29 09:56:30',109),(554,3,'2014-03-29 09:56:30','2014-03-29 09:56:30',110),(555,7,'2014-03-29 09:56:30','2014-03-29 09:56:30',110),(556,3,'2014-03-29 09:56:30','2014-03-29 09:56:30',111),(557,7,'2014-03-29 09:56:30','2014-03-29 09:56:30',111),(558,3,'2014-03-29 09:56:30','2014-03-29 09:56:30',112),(559,7,'2014-03-29 09:56:30','2014-03-29 09:56:30',112),(560,3,'2014-03-29 09:56:30','2014-03-29 09:56:30',113),(561,7,'2014-03-29 09:56:30','2014-03-29 09:56:30',113),(562,3,'2014-03-29 09:56:30','2014-03-29 09:56:30',114),(563,7,'2014-03-29 09:56:30','2014-03-29 09:56:30',114),(564,3,'2014-03-29 09:56:30','2014-03-29 09:56:30',115),(565,7,'2014-03-29 09:56:30','2014-03-29 09:56:30',115),(566,3,'2014-03-29 09:56:30','2014-03-29 09:56:30',116),(567,7,'2014-03-29 09:56:30','2014-03-29 09:56:30',116),(568,3,'2014-03-29 09:56:30','2014-03-29 09:56:30',117),(569,7,'2014-03-29 09:56:30','2014-03-29 09:56:30',117),(570,3,'2014-03-29 09:56:30','2014-03-29 09:56:30',118),(571,7,'2014-03-29 09:56:30','2014-03-29 09:56:30',118),(572,3,'2014-03-29 09:56:30','2014-03-29 09:56:30',119),(573,7,'2014-03-29 09:56:30','2014-03-29 09:56:30',119),(574,3,'2014-03-29 09:56:30','2014-03-29 09:56:30',120),(575,7,'2014-03-29 09:56:30','2014-03-29 09:56:30',120),(576,3,'2014-03-29 09:56:30','2014-03-29 09:56:30',121),(577,7,'2014-03-29 09:56:30','2014-03-29 09:56:30',121),(578,3,'2014-03-29 09:56:30','2014-03-29 09:56:30',122),(579,7,'2014-03-29 09:56:30','2014-03-29 09:56:30',122),(580,3,'2014-03-29 09:56:30','2014-03-29 09:56:30',123),(581,7,'2014-03-29 09:56:30','2014-03-29 09:56:30',123),(582,3,'2014-03-29 09:56:30','2014-03-29 09:56:30',124),(583,7,'2014-03-29 09:56:30','2014-03-29 09:56:30',124),(584,3,'2014-03-29 09:56:30','2014-03-29 09:56:30',125),(585,7,'2014-03-29 09:56:30','2014-03-29 09:56:30',125),(586,3,'2014-03-29 09:56:30','2014-03-29 09:56:30',126),(587,7,'2014-03-29 09:56:30','2014-03-29 09:56:30',126),(588,3,'2014-03-29 09:56:30','2014-03-29 09:56:30',127),(589,7,'2014-03-29 09:56:30','2014-03-29 09:56:30',127),(590,3,'2014-03-29 09:56:30','2014-03-29 09:56:30',128),(591,7,'2014-03-29 09:56:30','2014-03-29 09:56:30',128),(592,3,'2014-03-29 09:56:30','2014-03-29 09:56:30',129),(593,7,'2014-03-29 09:56:30','2014-03-29 09:56:30',129),(594,3,'2014-03-29 09:56:30','2014-03-29 09:56:30',130),(595,7,'2014-03-29 09:56:30','2014-03-29 09:56:30',130),(596,3,'2014-03-29 09:56:30','2014-03-29 09:56:30',131),(597,7,'2014-03-29 09:56:30','2014-03-29 09:56:30',131),(598,3,'2014-03-29 09:56:30','2014-03-29 09:56:30',132),(599,7,'2014-03-29 09:56:30','2014-03-29 09:56:30',132),(600,3,'2014-03-29 09:56:30','2014-03-29 09:56:30',133),(601,7,'2014-03-29 09:56:30','2014-03-29 09:56:30',133),(602,3,'2014-03-29 09:56:30','2014-03-29 09:56:30',134),(603,7,'2014-03-29 09:56:30','2014-03-29 09:56:30',134),(604,3,'2014-03-29 09:56:30','2014-03-29 09:56:30',135),(605,7,'2014-03-29 09:56:30','2014-03-29 09:56:30',135),(606,3,'2014-03-29 09:56:30','2014-03-29 09:56:30',136),(607,7,'2014-03-29 09:56:30','2014-03-29 09:56:30',136),(608,3,'2014-03-29 09:56:30','2014-03-29 09:56:30',137),(609,7,'2014-03-29 09:56:30','2014-03-29 09:56:30',137),(610,3,'2014-03-29 09:56:30','2014-03-29 09:56:30',138),(611,7,'2014-03-29 09:56:30','2014-03-29 09:56:30',138),(612,3,'2014-03-29 09:56:30','2014-03-29 09:56:30',139),(613,7,'2014-03-29 09:56:30','2014-03-29 09:56:30',139),(614,3,'2014-03-29 09:56:30','2014-03-29 09:56:30',140),(615,7,'2014-03-29 09:56:30','2014-03-29 09:56:30',140),(616,3,'2014-03-29 09:56:30','2014-03-29 09:56:30',141),(617,7,'2014-03-29 09:56:31','2014-03-29 09:56:31',141),(618,3,'2014-03-29 09:56:31','2014-03-29 09:56:31',142),(619,7,'2014-03-29 09:56:31','2014-03-29 09:56:31',142),(620,3,'2014-03-29 09:56:31','2014-03-29 09:56:31',143),(621,7,'2014-03-29 09:56:31','2014-03-29 09:56:31',143),(622,3,'2014-03-29 09:56:31','2014-03-29 09:56:31',144),(623,7,'2014-03-29 09:56:31','2014-03-29 09:56:31',144),(624,3,'2014-03-29 09:56:31','2014-03-29 09:56:31',145),(625,7,'2014-03-29 09:56:31','2014-03-29 09:56:31',145),(626,3,'2014-03-29 09:56:31','2014-03-29 09:56:31',146),(627,7,'2014-03-29 09:56:31','2014-03-29 09:56:31',146),(628,3,'2014-03-29 09:56:31','2014-03-29 09:56:31',147),(629,7,'2014-03-29 09:56:31','2014-03-29 09:56:31',147),(630,3,'2014-03-29 09:56:31','2014-03-29 09:56:31',148),(631,7,'2014-03-29 09:56:31','2014-03-29 09:56:31',148),(632,3,'2014-03-29 09:56:31','2014-03-29 09:56:31',149),(633,7,'2014-03-29 09:56:31','2014-03-29 09:56:31',149),(634,3,'2014-03-29 09:56:31','2014-03-29 09:56:31',150),(635,7,'2014-03-29 09:56:31','2014-03-29 09:56:31',150),(636,3,'2014-03-29 09:56:31','2014-03-29 09:56:31',151),(637,7,'2014-03-29 09:56:31','2014-03-29 09:56:31',151),(638,3,'2014-03-29 09:56:31','2014-03-29 09:56:31',152),(639,7,'2014-03-29 09:56:31','2014-03-29 09:56:31',152),(640,3,'2014-03-29 09:56:31','2014-03-29 09:56:31',153),(641,7,'2014-03-29 09:56:31','2014-03-29 09:56:31',153),(642,3,'2014-03-29 09:56:31','2014-03-29 09:56:31',154),(643,7,'2014-03-29 09:56:31','2014-03-29 09:56:31',154),(644,3,'2014-03-29 09:56:31','2014-03-29 09:56:31',155),(645,7,'2014-03-29 09:56:31','2014-03-29 09:56:31',155),(646,3,'2014-03-29 09:56:31','2014-03-29 09:56:31',156),(647,7,'2014-03-29 09:56:31','2014-03-29 09:56:31',156),(648,2,'2014-03-29 09:56:31','2014-03-29 09:56:31',157),(649,6,'2014-03-29 09:56:31','2014-03-29 09:56:31',157),(650,2,'2014-03-29 09:56:31','2014-03-29 09:56:31',158),(651,6,'2014-03-29 09:56:31','2014-03-29 09:56:31',158),(652,2,'2014-03-29 09:56:31','2014-03-29 09:56:31',159),(653,6,'2014-03-29 09:56:31','2014-03-29 09:56:31',159),(654,2,'2014-03-29 09:56:31','2014-03-29 09:56:31',160),(655,6,'2014-03-29 09:56:31','2014-03-29 09:56:31',160),(656,2,'2014-03-29 09:56:31','2014-03-29 09:56:31',161),(657,6,'2014-03-29 09:56:31','2014-03-29 09:56:31',161),(658,2,'2014-03-29 09:56:31','2014-03-29 09:56:31',162),(659,6,'2014-03-29 09:56:31','2014-03-29 09:56:31',162),(660,2,'2014-03-29 09:56:31','2014-03-29 09:56:31',163),(661,6,'2014-03-29 09:56:31','2014-03-29 09:56:31',163),(662,2,'2014-03-29 09:56:31','2014-03-29 09:56:31',164),(663,6,'2014-03-29 09:56:31','2014-03-29 09:56:31',164),(664,2,'2014-03-29 09:56:31','2014-03-29 09:56:31',165),(665,6,'2014-03-29 09:56:31','2014-03-29 09:56:31',165),(666,2,'2014-03-29 09:56:31','2014-03-29 09:56:31',166),(667,6,'2014-03-29 09:56:31','2014-03-29 09:56:31',166),(668,2,'2014-03-29 09:56:31','2014-03-29 09:56:31',167),(669,6,'2014-03-29 09:56:31','2014-03-29 09:56:31',167),(670,2,'2014-03-29 09:56:31','2014-03-29 09:56:31',168),(671,6,'2014-03-29 09:56:31','2014-03-29 09:56:31',168),(672,2,'2014-03-29 09:56:31','2014-03-29 09:56:31',169),(673,6,'2014-03-29 09:56:31','2014-03-29 09:56:31',169),(674,6,'2014-03-29 09:56:31','2014-03-29 09:56:31',170),(675,2,'2014-03-29 09:56:31','2014-03-29 09:56:31',171),(676,6,'2014-03-29 09:56:31','2014-03-29 09:56:31',171),(677,2,'2014-03-29 09:56:31','2014-03-29 09:56:31',172),(678,6,'2014-03-29 09:56:31','2014-03-29 09:56:31',172),(679,2,'2014-03-29 09:56:31','2014-03-29 09:56:31',173),(680,6,'2014-03-29 09:56:31','2014-03-29 09:56:31',173),(681,2,'2014-03-29 09:56:31','2014-03-29 09:56:31',174),(682,6,'2014-03-29 09:56:31','2014-03-29 09:56:31',174),(683,2,'2014-03-29 09:56:31','2014-03-29 09:56:31',175),(684,6,'2014-03-29 09:56:31','2014-03-29 09:56:31',175),(685,2,'2014-03-29 09:56:31','2014-03-29 09:56:31',176),(686,6,'2014-03-29 09:56:31','2014-03-29 09:56:31',176),(687,2,'2014-03-29 09:56:31','2014-03-29 09:56:31',177),(688,6,'2014-03-29 09:56:31','2014-03-29 09:56:31',177),(689,2,'2014-03-29 09:56:31','2014-03-29 09:56:31',178),(690,6,'2014-03-29 09:56:31','2014-03-29 09:56:31',178),(691,2,'2014-03-29 09:56:31','2014-03-29 09:56:31',179),(692,6,'2014-03-29 09:56:31','2014-03-29 09:56:31',179),(693,2,'2014-03-29 09:56:31','2014-03-29 09:56:31',180),(694,6,'2014-03-29 09:56:31','2014-03-29 09:56:31',180),(695,2,'2014-03-29 09:56:31','2014-03-29 09:56:31',181),(696,6,'2014-03-29 09:56:31','2014-03-29 09:56:31',181),(697,2,'2014-03-29 09:56:31','2014-03-29 09:56:31',182),(698,6,'2014-03-29 09:56:31','2014-03-29 09:56:31',182),(699,2,'2014-03-29 09:56:31','2014-03-29 09:56:31',183),(700,6,'2014-03-29 09:56:31','2014-03-29 09:56:31',183),(701,2,'2014-03-29 09:56:31','2014-03-29 09:56:31',184),(702,6,'2014-03-29 09:56:31','2014-03-29 09:56:31',184),(703,2,'2014-03-29 09:56:31','2014-03-29 09:56:31',185),(704,3,'2014-03-29 09:56:31','2014-03-29 09:56:31',185),(705,6,'2014-03-29 09:56:31','2014-03-29 09:56:31',185),(706,2,'2014-03-29 09:56:31','2014-03-29 09:56:31',186),(707,6,'2014-03-29 09:56:31','2014-03-29 09:56:31',186),(708,2,'2014-03-29 09:56:31','2014-03-29 09:56:31',187),(709,6,'2014-03-29 09:56:31','2014-03-29 09:56:31',187),(710,2,'2014-03-29 09:56:31','2014-03-29 09:56:31',188),(711,6,'2014-03-29 09:56:31','2014-03-29 09:56:31',188),(712,2,'2014-03-29 09:56:31','2014-03-29 09:56:31',189),(713,2,'2014-03-29 09:56:31','2014-03-29 09:56:31',190),(714,6,'2014-03-29 09:56:31','2014-03-29 09:56:31',190),(715,2,'2014-03-29 09:56:31','2014-03-29 09:56:31',191),(716,6,'2014-03-29 09:56:31','2014-03-29 09:56:31',191),(717,2,'2014-03-29 09:56:31','2014-03-29 09:56:31',192),(718,6,'2014-03-29 09:56:31','2014-03-29 09:56:31',192),(719,2,'2014-03-29 09:56:31','2014-03-29 09:56:31',193),(720,6,'2014-03-29 09:56:31','2014-03-29 09:56:31',193),(721,2,'2014-03-29 09:56:31','2014-03-29 09:56:31',194),(722,6,'2014-03-29 09:56:31','2014-03-29 09:56:31',194),(723,2,'2014-03-29 09:56:31','2014-03-29 09:56:31',195),(724,6,'2014-03-29 09:56:31','2014-03-29 09:56:31',195),(725,2,'2014-03-29 09:56:31','2014-03-29 09:56:31',196),(726,6,'2014-03-29 09:56:31','2014-03-29 09:56:31',196),(727,3,'2014-03-29 09:56:31','2014-03-29 09:56:31',197),(728,7,'2014-03-29 09:56:31','2014-03-29 09:56:31',197),(729,3,'2014-03-29 09:56:31','2014-03-29 09:56:31',198),(730,7,'2014-03-29 09:56:31','2014-03-29 09:56:31',198),(731,3,'2014-03-29 09:56:31','2014-03-29 09:56:31',199),(732,7,'2014-03-29 09:56:31','2014-03-29 09:56:31',199),(733,2,'2014-03-29 09:56:31','2014-03-29 09:56:31',200),(734,6,'2014-03-29 09:56:31','2014-03-29 09:56:31',200),(735,2,'2014-03-29 09:56:31','2014-03-29 09:56:31',201),(736,3,'2014-03-29 09:56:31','2014-03-29 09:56:31',201),(737,6,'2014-03-29 09:56:31','2014-03-29 09:56:31',201),(738,7,'2014-03-29 09:56:31','2014-03-29 09:56:31',201),(739,2,'2014-03-29 09:56:31','2014-03-29 09:56:31',202),(740,3,'2014-03-29 09:56:31','2014-03-29 09:56:31',202),(741,6,'2014-03-29 09:56:31','2014-03-29 09:56:31',202),(742,7,'2014-03-29 09:56:31','2014-03-29 09:56:31',202),(743,2,'2014-03-29 09:56:31','2014-03-29 09:56:31',203),(744,3,'2014-03-29 09:56:31','2014-03-29 09:56:31',203),(745,6,'2014-03-29 09:56:31','2014-03-29 09:56:31',203),(746,7,'2014-03-29 09:56:31','2014-03-29 09:56:31',203),(747,2,'2014-03-29 09:56:31','2014-03-29 09:56:31',204),(748,6,'2014-03-29 09:56:31','2014-03-29 09:56:31',204),(749,2,'2014-03-29 09:56:31','2014-03-29 09:56:31',205),(750,6,'2014-03-29 09:56:31','2014-03-29 09:56:31',205),(751,2,'2014-03-29 09:56:31','2014-03-29 09:56:31',206),(752,6,'2014-03-29 09:56:31','2014-03-29 09:56:31',206),(753,2,'2014-03-29 09:56:31','2014-03-29 09:56:31',207),(754,6,'2014-03-29 09:56:31','2014-03-29 09:56:31',207),(755,2,'2014-03-29 09:56:31','2014-03-29 09:56:31',208),(756,6,'2014-03-29 09:56:31','2014-03-29 09:56:31',208),(757,2,'2014-03-29 09:56:31','2014-03-29 09:56:31',209),(758,6,'2014-03-29 09:56:31','2014-03-29 09:56:31',209),(759,2,'2014-03-29 09:56:31','2014-03-29 09:56:31',210),(760,6,'2014-03-29 09:56:31','2014-03-29 09:56:31',210),(761,3,'2014-03-29 09:56:31','2014-03-29 09:56:31',211),(762,7,'2014-03-29 09:56:31','2014-03-29 09:56:31',211),(763,3,'2014-03-29 09:56:31','2014-03-29 09:56:31',212),(764,3,'2014-03-29 09:56:31','2014-03-29 09:56:31',213),(765,3,'2014-03-29 09:56:31','2014-03-29 09:56:31',214),(766,7,'2014-03-29 09:56:31','2014-03-29 09:56:31',214),(767,3,'2014-03-29 09:56:31','2014-03-29 09:56:31',215),(768,7,'2014-03-29 09:56:31','2014-03-29 09:56:31',215),(769,3,'2014-03-29 09:56:31','2014-03-29 09:56:31',216),(770,7,'2014-03-29 09:56:31','2014-03-29 09:56:31',216),(771,3,'2014-03-29 09:56:31','2014-03-29 09:56:31',217),(772,7,'2014-03-29 09:56:31','2014-03-29 09:56:31',217),(773,3,'2014-03-29 09:56:31','2014-03-29 09:56:31',218),(774,7,'2014-03-29 09:56:31','2014-03-29 09:56:31',218),(775,3,'2014-03-29 09:56:31','2014-03-29 09:56:31',219),(776,7,'2014-03-29 09:56:31','2014-03-29 09:56:31',219),(777,3,'2014-03-29 09:56:31','2014-03-29 09:56:31',220),(778,7,'2014-03-29 09:56:31','2014-03-29 09:56:31',220),(779,3,'2014-03-29 09:56:31','2014-03-29 09:56:31',221),(780,7,'2014-03-29 09:56:31','2014-03-29 09:56:31',221),(781,3,'2014-03-29 09:56:31','2014-03-29 09:56:31',222),(782,7,'2014-03-29 09:56:31','2014-03-29 09:56:31',222),(783,3,'2014-03-29 09:56:31','2014-03-29 09:56:31',223),(784,7,'2014-03-29 09:56:31','2014-03-29 09:56:31',223),(785,3,'2014-03-29 09:56:31','2014-03-29 09:56:31',224),(786,7,'2014-03-29 09:56:31','2014-03-29 09:56:31',224),(789,2,'2014-03-29 09:56:31','2014-03-29 09:56:31',242),(790,6,'2014-03-29 09:56:31','2014-03-29 09:56:31',242),(791,3,'2014-03-29 09:56:31','2014-03-29 09:56:31',244),(792,7,'2014-03-29 09:56:31','2014-03-29 09:56:31',244),(793,2,'2014-03-29 09:56:31','2014-03-29 09:56:31',245),(794,6,'2014-03-29 09:56:31','2014-03-29 09:56:31',245),(795,3,'2014-03-29 09:56:31','2014-03-29 09:56:31',246),(796,7,'2014-03-29 09:56:31','2014-03-29 09:56:31',246),(797,3,'2014-03-29 09:56:31','2014-03-29 09:56:31',247),(798,7,'2014-03-29 09:56:31','2014-03-29 09:56:31',247),(799,3,'2014-03-29 09:56:31','2014-03-29 09:56:31',248),(800,7,'2014-03-29 09:56:31','2014-03-29 09:56:31',248),(801,1,'2014-03-29 09:56:31','2014-03-29 09:56:31',249),(802,3,'2014-03-29 09:56:31','2014-03-29 09:56:31',250),(803,7,'2014-03-29 09:56:31','2014-03-29 09:56:31',250),(804,3,'2014-03-29 09:56:31','2014-03-29 09:56:31',251),(805,7,'2014-03-29 09:56:31','2014-03-29 09:56:31',251),(806,3,'2014-03-29 09:56:31','2014-03-29 09:56:31',252),(807,7,'2014-03-29 09:56:31','2014-03-29 09:56:31',252),(808,3,'2014-03-29 09:56:31','2014-03-29 09:56:31',253),(809,7,'2014-03-29 09:56:31','2014-03-29 09:56:31',253),(810,3,'2014-03-29 09:56:31','2014-03-29 09:56:31',254),(811,7,'2014-03-29 09:56:31','2014-03-29 09:56:31',254),(812,2,'2014-03-29 09:56:31','2014-03-29 09:56:31',255),(813,6,'2014-03-29 09:56:31','2014-03-29 09:56:31',255),(814,3,'2014-03-29 09:56:31','2014-03-29 09:56:31',256),(815,7,'2014-03-29 09:56:31','2014-03-29 09:56:31',256),(816,2,'2014-03-29 09:56:31','2014-03-29 09:56:31',257),(817,6,'2014-03-29 09:56:31','2014-03-29 09:56:31',257),(818,2,'2014-03-29 09:56:31','2014-03-29 09:56:31',258),(820,2,'2014-03-29 09:56:31','2014-03-29 09:56:31',259),(821,6,'2014-03-29 09:56:31','2014-03-29 09:56:31',259),(822,2,'2014-03-29 09:56:31','2014-03-29 09:56:31',260),(823,6,'2014-03-29 09:56:31','2014-03-29 09:56:31',260),(824,2,'2014-03-29 09:56:31','2014-03-29 09:56:31',261),(825,6,'2014-03-29 09:56:31','2014-03-29 09:56:31',261),(828,3,'2014-03-29 09:56:31','2014-03-29 09:56:31',263),(829,7,'2014-03-29 09:56:31','2014-03-29 09:56:31',263),(832,3,'2014-03-29 09:56:31','2014-03-29 09:56:31',265),(833,7,'2014-03-29 09:56:31','2014-03-29 09:56:31',265),(834,3,'2014-03-29 09:56:31','2014-03-29 09:56:31',268),(835,7,'2014-03-29 09:56:31','2014-03-29 09:56:31',268),(836,3,'2014-03-29 09:56:31','2014-03-29 09:56:31',269),(837,7,'2014-03-29 09:56:31','2014-03-29 09:56:31',269),(838,3,'2014-03-29 09:56:31','2014-03-29 09:56:31',270),(839,7,'2014-03-29 09:56:31','2014-03-29 09:56:31',270),(840,2,'2014-03-29 16:25:02','2014-03-29 16:25:02',224),(841,6,'2014-03-29 16:25:02','2014-03-29 16:25:02',224),(842,4,'2014-03-29 16:56:24','2014-03-29 16:56:24',226),(843,4,'2014-03-29 17:00:51','2014-03-29 17:00:51',227),(844,4,'2014-03-29 17:01:48','2014-03-29 17:01:48',228),(845,4,'2014-03-29 17:07:53','2014-03-29 17:07:53',229),(846,4,'2014-03-29 17:09:12','2014-03-29 17:09:12',230),(847,4,'2014-03-29 17:38:08','2014-03-29 17:38:08',231),(848,6,'2014-03-29 17:39:01','2014-03-29 17:39:01',232),(849,6,'2014-03-29 17:40:01','2014-03-29 17:40:01',233),(850,1,'2014-03-29 17:41:39','2014-03-29 17:41:39',234),(851,7,'2014-03-29 17:42:36','2014-03-29 17:42:36',235),(852,7,'2014-03-29 17:46:28','2014-03-29 17:46:28',236),(853,5,'2014-03-29 17:50:18','2014-03-29 17:50:18',237),(854,6,'2014-03-29 17:51:09','2014-03-29 17:51:09',238),(855,6,'2014-03-29 17:52:17','2014-03-29 17:52:17',239),(856,5,'2014-03-29 17:53:56','2014-03-29 17:53:56',240),(857,5,'2014-03-29 17:55:14','2014-03-29 17:55:14',241),(858,5,'2014-03-29 17:56:08','2014-03-29 17:56:08',242),(859,6,'2014-03-29 17:57:47','2014-03-29 17:57:47',243),(860,5,'2014-03-29 18:08:41','2014-03-29 18:08:41',244),(861,5,'2014-03-29 18:09:04','2014-03-29 18:09:04',245),(862,5,'2014-03-29 18:09:18','2014-03-29 18:09:18',246),(863,3,'2014-03-30 05:27:27','2014-03-30 05:27:27',247),(864,4,'2014-03-30 05:27:27','2014-03-30 05:27:27',247),(865,5,'2014-03-30 05:27:27','2014-03-30 05:27:27',247),(866,6,'2014-03-30 05:27:27','2014-03-30 05:27:27',247),(867,3,'2014-03-30 05:27:35','2014-03-30 05:27:35',248),(868,5,'2014-03-30 05:27:35','2014-03-30 05:27:35',248),(869,7,'2014-03-30 05:27:35','2014-03-30 05:27:35',248),(870,3,'2014-03-30 05:27:44','2014-03-30 05:27:44',249),(871,4,'2014-03-30 05:27:44','2014-03-30 05:27:44',249),(872,7,'2014-03-30 05:27:44','2014-03-30 05:27:44',249),(873,3,'2014-03-30 05:27:56','2014-03-30 05:27:56',250),(874,4,'2014-03-30 05:27:56','2014-03-30 05:27:56',250),(875,5,'2014-03-30 05:27:56','2014-03-30 05:27:56',250),(876,2,'2014-03-30 05:28:56','2014-03-30 05:28:56',251),(877,6,'2014-03-30 05:28:56','2014-03-30 05:28:56',251),(878,5,'2014-03-30 05:29:19','2014-03-30 05:29:19',252),(879,6,'2014-03-30 05:29:19','2014-03-30 05:29:19',252),(880,3,'2014-03-30 05:29:49','2014-03-30 05:29:49',253),(881,4,'2014-03-30 05:29:49','2014-03-30 05:29:49',253),(882,5,'2014-03-30 05:29:49','2014-03-30 05:29:49',253),(883,6,'2014-03-30 05:29:49','2014-03-30 05:29:49',253),(884,7,'2014-03-30 05:29:49','2014-03-30 05:29:49',253),(885,4,'2014-03-30 05:29:59','2014-03-30 05:29:59',254),(886,5,'2014-03-30 05:29:59','2014-03-30 05:29:59',254),(887,4,'2014-03-30 05:39:44','2014-03-30 05:39:44',255),(888,5,'2014-03-30 05:39:44','2014-03-30 05:39:44',255),(889,2,'2014-03-30 05:41:40','2014-03-30 05:41:40',256),(890,4,'2014-03-30 05:41:40','2014-03-30 05:41:40',256),(891,4,'2014-03-30 05:46:20','2014-03-30 05:46:20',257),(892,5,'2014-03-30 05:46:20','2014-03-30 05:46:20',257),(893,4,'2014-03-30 05:47:45','2014-03-30 05:47:45',258),(895,2,'2014-03-30 05:49:52','2014-03-30 05:49:52',259),(896,3,'2014-03-30 05:49:52','2014-03-30 05:49:52',259),(897,2,'2014-03-30 05:50:02','2014-03-30 05:50:02',260),(898,3,'2014-03-30 05:50:02','2014-03-30 05:50:02',260),(899,1,'2014-03-30 05:55:31','2014-03-30 05:55:31',261),(900,2,'2014-03-30 05:55:31','2014-03-30 05:55:31',261),(901,3,'2014-03-30 05:55:31','2014-03-30 05:55:31',261),(902,1,'2014-03-30 05:57:10','2014-03-30 05:57:10',262),(903,2,'2014-03-30 05:57:10','2014-03-30 05:57:10',262),(905,3,'2014-03-30 06:02:20','2014-03-30 06:02:20',230),(906,3,'2014-03-30 06:31:41','2014-03-30 06:31:41',243),(907,4,'2014-03-30 06:31:41','2014-03-30 06:31:41',243),(909,1,'2014-03-30 06:31:58','2014-03-30 06:31:58',225),(910,2,'2014-03-30 06:31:58','2014-03-30 06:31:58',225),(911,6,'2014-03-30 06:31:58','2014-03-30 06:31:58',225),(912,5,'2014-03-31 15:01:06','2014-03-31 15:01:06',227),(913,6,'2014-03-31 15:01:06','2014-03-31 15:01:06',227),(914,3,'2014-04-04 03:46:39','2014-04-04 03:46:39',263),(915,7,'2014-04-04 03:46:39','2014-04-04 03:46:39',263),(916,3,'2014-04-04 03:47:01','2014-04-04 03:47:01',264),(917,7,'2014-04-04 03:47:01','2014-04-04 03:47:01',264),(918,3,'2014-04-04 03:47:38','2014-04-04 03:47:38',265),(919,7,'2014-04-04 03:47:38','2014-04-04 03:47:38',265),(920,3,'2014-04-04 03:48:13','2014-04-04 03:48:13',266),(921,7,'2014-04-04 03:48:13','2014-04-04 03:48:13',266),(922,3,'2014-04-04 03:48:35','2014-04-04 03:48:35',267),(923,7,'2014-04-04 03:48:35','2014-04-04 03:48:35',267),(924,3,'2014-04-04 03:50:09','2014-04-04 03:50:09',268),(925,7,'2014-04-04 03:50:09','2014-04-04 03:50:09',268),(926,3,'2014-04-04 03:50:37','2014-04-04 03:50:37',269),(927,7,'2014-04-04 03:50:37','2014-04-04 03:50:37',269),(928,3,'2014-04-04 03:51:37','2014-04-04 03:51:37',270),(929,7,'2014-04-04 03:51:37','2014-04-04 03:51:37',270),(930,2,'2014-04-04 03:55:14','2014-04-04 03:55:14',271),(931,6,'2014-04-04 03:55:14','2014-04-04 03:55:14',271),(932,3,'2014-04-04 03:55:36','2014-04-04 03:55:36',272),(933,7,'2014-04-04 03:55:36','2014-04-04 03:55:36',272),(934,3,'2014-04-04 03:59:33','2014-04-04 03:59:33',273),(935,7,'2014-04-04 03:59:33','2014-04-04 03:59:33',273),(936,3,'2014-04-04 03:59:53','2014-04-04 03:59:53',274),(937,7,'2014-04-04 03:59:53','2014-04-04 03:59:53',274),(938,3,'2014-04-04 04:00:13','2014-04-04 04:00:13',275),(939,7,'2014-04-04 04:00:13','2014-04-04 04:00:13',275),(940,3,'2014-04-04 04:02:00','2014-04-04 04:02:00',276),(941,7,'2014-04-04 04:02:00','2014-04-04 04:02:00',276),(942,3,'2014-04-04 04:07:16','2014-04-04 04:07:16',277),(943,7,'2014-04-04 04:07:16','2014-04-04 04:07:16',277),(944,3,'2014-04-04 04:07:36','2014-04-04 04:07:36',278),(945,7,'2014-04-04 04:07:36','2014-04-04 04:07:36',278),(946,3,'2014-04-04 04:11:13','2014-04-04 04:11:13',279),(947,7,'2014-04-04 04:11:13','2014-04-04 04:11:13',279),(948,3,'2014-04-04 04:11:34','2014-04-04 04:11:34',280),(949,7,'2014-04-04 04:11:34','2014-04-04 04:11:34',280),(950,2,'2014-04-04 04:11:54','2014-04-04 04:11:54',281),(951,6,'2014-04-04 04:11:54','2014-04-04 04:11:54',281),(952,2,'2014-04-04 04:12:44','2014-04-04 04:12:44',282),(953,6,'2014-04-04 04:12:44','2014-04-04 04:12:44',282),(954,2,'2014-04-04 04:13:04','2014-04-04 04:13:04',283),(955,6,'2014-04-04 04:13:04','2014-04-04 04:13:04',283),(956,2,'2014-04-04 04:14:27','2014-04-04 04:14:27',284),(957,6,'2014-04-04 04:14:27','2014-04-04 04:14:27',284),(958,2,'2014-04-04 04:14:46','2014-04-04 04:14:46',285),(959,6,'2014-04-04 04:14:46','2014-04-04 04:14:46',285),(960,3,'2014-04-04 04:15:10','2014-04-04 04:15:10',286),(961,7,'2014-04-04 04:15:10','2014-04-04 04:15:10',286),(962,2,'2014-04-04 04:15:29','2014-04-04 04:15:29',287),(963,6,'2014-04-04 04:15:29','2014-04-04 04:15:29',287),(964,3,'2014-04-04 07:54:52','2014-04-04 07:54:52',288),(965,7,'2014-04-04 07:54:52','2014-04-04 07:54:52',288),(966,2,'2014-04-04 07:56:03','2014-04-04 07:56:03',289),(967,6,'2014-04-04 07:56:03','2014-04-04 07:56:03',289),(968,2,'2014-04-04 07:56:31','2014-04-04 07:56:31',290),(969,6,'2014-04-04 07:56:31','2014-04-04 07:56:31',290),(970,4,'2014-04-04 08:28:56','2014-04-04 08:28:56',292),(971,5,'2014-04-04 08:28:56','2014-04-04 08:28:56',292),(972,7,'2014-04-04 08:33:06','2014-04-04 08:33:06',294),(973,3,'2014-04-04 08:33:36','2014-04-04 08:33:36',295),(974,7,'2014-04-04 08:33:36','2014-04-04 08:33:36',295),(975,3,'2014-04-04 09:41:42','2014-04-04 09:41:42',297),(976,7,'2014-04-04 09:41:42','2014-04-04 09:41:42',297),(977,5,'2014-04-04 09:45:19','2014-04-04 09:45:19',299),(978,3,'2014-04-04 09:47:55','2014-04-04 09:47:55',300),(979,7,'2014-04-04 09:47:55','2014-04-04 09:47:55',300),(980,3,'2014-04-04 09:50:35','2014-04-04 09:50:35',301),(981,7,'2014-04-04 09:50:35','2014-04-04 09:50:35',301);
/*!40000 ALTER TABLE `people_available_days` ENABLE KEYS */;
UNLOCK TABLES;

--
-- Table structure for table `schema_migrations`
--

DROP TABLE IF EXISTS `schema_migrations`;
/*!40101 SET @saved_cs_client     = @@character_set_client */;
/*!40101 SET character_set_client = utf8 */;
CREATE TABLE `schema_migrations` (
  `version` varchar(255) NOT NULL,
  UNIQUE KEY `unique_schema_migrations` (`version`)
) ENGINE=InnoDB DEFAULT CHARSET=utf8;
/*!40101 SET character_set_client = @saved_cs_client */;

--
-- Dumping data for table `schema_migrations`
--

LOCK TABLES `schema_migrations` WRITE;
/*!40000 ALTER TABLE `schema_migrations` DISABLE KEYS */;
INSERT INTO `schema_migrations` VALUES ('20140318043952'),('20140318044215'),('20140318064333'),('20140318065718'),('20140319042317'),('20140319052824'),('20140322080331'),('20140322142634'),('20140323063950'),('20140324150714'),('20140327012024'),('20140329041200'),('20140329041838'),('20140329082419'),('20140404071524');
/*!40000 ALTER TABLE `schema_migrations` ENABLE KEYS */;
UNLOCK TABLES;

--
-- Table structure for table `staffs`
--

DROP TABLE IF EXISTS `staffs`;
/*!40101 SET @saved_cs_client     = @@character_set_client */;
/*!40101 SET character_set_client = utf8 */;
CREATE TABLE `staffs` (
  `id` int(11) NOT NULL AUTO_INCREMENT,
  `email` varchar(255) NOT NULL DEFAULT '',
  `encrypted_password` varchar(255) NOT NULL DEFAULT '',
  `reset_password_token` varchar(255) DEFAULT NULL,
  `reset_password_sent_at` datetime DEFAULT NULL,
  `remember_created_at` datetime DEFAULT NULL,
  `sign_in_count` int(11) NOT NULL DEFAULT '0',
  `current_sign_in_at` datetime DEFAULT NULL,
  `last_sign_in_at` datetime DEFAULT NULL,
  `current_sign_in_ip` varchar(255) DEFAULT NULL,
  `last_sign_in_ip` varchar(255) DEFAULT NULL,
  `name` varchar(255) DEFAULT NULL,
  `type` varchar(255) DEFAULT NULL,
  `created_at` datetime DEFAULT NULL,
  `updated_at` datetime DEFAULT NULL,
  PRIMARY KEY (`id`),
  UNIQUE KEY `index_staffs_on_email` (`email`),
  UNIQUE KEY `index_staffs_on_reset_password_token` (`reset_password_token`)
) ENGINE=InnoDB AUTO_INCREMENT=7 DEFAULT CHARSET=utf8;
/*!40101 SET character_set_client = @saved_cs_client */;

--
-- Dumping data for table `staffs`
--

LOCK TABLES `staffs` WRITE;
/*!40000 ALTER TABLE `staffs` DISABLE KEYS */;
INSERT INTO `staffs` VALUES (1,'giangnguyen1089@gmail.com','$2a$10$.5pgiWINbbykonpu873h9umba6WOGY/YiHl76LabFMweF.mHWaXSC',NULL,NULL,'2014-03-24 11:52:17',4,'2014-03-28 13:33:16','2014-03-25 00:05:24','101.99.1.12','101.99.1.12','Nguyễn Đức Giang','Staff::Admin','2014-03-24 10:24:03','2014-03-29 03:32:15'),(2,'hanh@email.com','$2a$10$sZbDi8SIfbFIJD5tE3.j.eh7xSODRjwgwNB9/tyIMxsC/Zl/P6P42',NULL,NULL,NULL,0,NULL,NULL,NULL,NULL,'Hạnh','Staff::General','2014-03-24 14:39:19','2014-03-24 14:39:19'),(3,'nhu@email.com','$2a$10$wiEYHfS29HY1XSANjbuqee2JfCg.ZyaWozYT8I1Ym9E1qyr5ZLwTa',NULL,NULL,NULL,0,NULL,NULL,NULL,NULL,'Như','Staff::General','2014-03-24 14:39:36','2014-03-24 14:39:36'),(4,'hiep@email.com','$2a$10$EflX8fJhRmky/vedm4cPsu4eCwYXjQ9.vQYnqz/TppY5OMQjIvfE.',NULL,NULL,NULL,0,NULL,NULL,NULL,NULL,'Hiệp','Staff::General','2014-03-24 14:40:02','2014-03-24 14:40:02'),(5,'thuminhnguyen91@gmail.com','$2a$10$8eNXIlAL9NGgdoZhmn437.RURxLrUqaajPrWIChuCMIIAxwoSrrGS',NULL,NULL,NULL,3,'2014-03-27 15:54:30','2014-03-27 15:54:28','101.99.1.12','1.55.76.79','Nguyễn Minh Thu','Staff::General','2014-03-27 04:49:13','2014-03-28 12:21:54'),(6,'nguyenngoc2505@gmail.com','$2a$10$L9bCiTPK1heJ.ne5YwUE1.VzgxTvkY.6i0LQMCYEhn52dLymd8wYq',NULL,NULL,NULL,3,'2014-04-04 09:47:45','2014-03-30 07:07:49','118.70.170.72','118.70.180.201','Nguyễn Thị Ngọc','Staff::Admin','2014-03-29 16:30:47','2014-04-04 10:35:55');
/*!40000 ALTER TABLE `staffs` ENABLE KEYS */;
UNLOCK TABLES;

--
-- Table structure for table `student_klasses`
--

DROP TABLE IF EXISTS `student_klasses`;
/*!40101 SET @saved_cs_client     = @@character_set_client */;
/*!40101 SET character_set_client = utf8 */;
CREATE TABLE `student_klasses` (
  `id` int(11) NOT NULL AUTO_INCREMENT,
  `student_id` int(11) DEFAULT NULL,
  `klass_id` int(11) DEFAULT NULL,
  `created_at` datetime DEFAULT NULL,
  `updated_at` datetime DEFAULT NULL,
  PRIMARY KEY (`id`)
) ENGINE=InnoDB AUTO_INCREMENT=58 DEFAULT CHARSET=utf8;
/*!40101 SET character_set_client = @saved_cs_client */;

--
-- Dumping data for table `student_klasses`
--

LOCK TABLES `student_klasses` WRITE;
/*!40000 ALTER TABLE `student_klasses` DISABLE KEYS */;
INSERT INTO `student_klasses` VALUES (1,14,1,'2014-03-24 10:51:03','2014-03-24 10:51:03'),(2,15,1,'2014-03-24 10:51:30','2014-03-24 10:51:30'),(3,16,1,'2014-03-24 10:52:08','2014-03-24 10:52:08'),(4,17,1,'2014-03-24 10:52:59','2014-03-24 10:52:59'),(5,18,1,'2014-03-24 10:53:39','2014-03-24 10:53:39'),(6,19,1,'2014-03-24 11:58:20','2014-03-24 11:58:20'),(7,20,1,'2014-03-24 12:07:26','2014-03-24 12:07:26'),(8,29,1,'2014-03-24 12:07:47','2014-03-24 12:07:47'),(9,28,1,'2014-03-24 12:07:51','2014-03-24 12:07:51'),(10,27,1,'2014-03-24 12:07:54','2014-03-24 12:07:54'),(11,26,1,'2014-03-24 12:07:56','2014-03-24 12:07:56'),(12,25,1,'2014-03-24 12:08:00','2014-03-24 12:08:00'),(13,24,1,'2014-03-24 12:08:04','2014-03-24 12:08:04'),(14,23,1,'2014-03-24 12:08:24','2014-03-24 12:08:24'),(15,22,1,'2014-03-24 12:08:33','2014-03-24 12:08:33'),(16,21,1,'2014-03-24 12:08:37','2014-03-24 12:08:37'),(17,73,2,'2014-03-27 06:59:22','2014-03-27 06:59:22'),(18,74,2,'2014-03-27 06:59:34','2014-03-27 06:59:34'),(19,75,2,'2014-03-27 06:59:42','2014-03-27 06:59:42'),(20,76,2,'2014-03-27 06:59:47','2014-03-27 06:59:47'),(21,77,2,'2014-03-27 07:00:11','2014-03-27 07:00:11'),(22,78,2,'2014-03-27 07:00:16','2014-03-27 07:00:16'),(24,79,2,'2014-03-27 08:27:01','2014-03-27 08:27:01'),(25,80,2,'2014-03-27 08:27:13','2014-03-27 08:27:13'),(26,81,2,'2014-03-27 08:27:26','2014-03-27 08:27:26'),(27,53,2,'2014-03-27 08:28:20','2014-03-27 08:28:20'),(28,52,2,'2014-03-27 08:29:10','2014-03-27 08:29:10'),(29,68,2,'2014-03-27 08:30:28','2014-03-27 08:30:28'),(30,83,2,'2014-03-27 08:30:44','2014-03-27 08:30:44'),(31,84,2,'2014-03-27 08:30:59','2014-03-27 08:30:59'),(32,85,2,'2014-03-27 08:31:16','2014-03-27 08:31:16'),(33,86,2,'2014-03-27 08:33:18','2014-03-27 08:33:18'),(34,87,2,'2014-03-27 08:33:50','2014-03-27 08:33:50'),(35,88,2,'2014-03-27 08:37:37','2014-03-27 08:37:37'),(36,89,2,'2014-03-27 08:38:39','2014-03-27 08:38:39'),(37,90,2,'2014-03-27 08:38:58','2014-03-27 08:38:58'),(38,91,2,'2014-03-27 08:39:15','2014-03-27 08:39:15'),(39,92,2,'2014-03-27 08:39:35','2014-03-27 08:39:35'),(40,93,2,'2014-03-27 08:40:02','2014-03-27 08:40:02'),(41,207,3,'2014-03-28 04:14:18','2014-03-28 04:14:18'),(42,226,3,'2014-03-28 04:14:39','2014-03-28 04:14:39'),(43,51,3,'2014-03-28 04:15:01','2014-03-28 04:15:01'),(44,227,3,'2014-03-28 04:15:16','2014-03-28 04:15:16'),(45,228,3,'2014-03-28 04:15:39','2014-03-28 04:15:39'),(46,190,3,'2014-03-28 04:17:24','2014-03-28 04:17:24'),(47,229,3,'2014-03-28 04:17:55','2014-03-28 04:17:55'),(48,230,3,'2014-03-28 04:18:19','2014-03-28 04:18:19'),(49,231,3,'2014-03-28 04:18:37','2014-03-28 04:18:37'),(50,232,3,'2014-03-28 04:18:57','2014-03-28 04:18:57'),(51,233,3,'2014-03-28 04:19:24','2014-03-28 04:19:24'),(52,234,3,'2014-03-28 04:21:20','2014-03-28 04:21:20'),(53,189,3,'2014-03-28 04:23:44','2014-03-28 04:23:44'),(54,100,3,'2014-03-28 04:24:47','2014-03-28 04:24:47'),(55,87,3,'2014-03-28 04:27:16','2014-03-28 04:27:16'),(56,235,3,'2014-03-28 04:27:36','2014-03-28 04:27:36'),(57,236,3,'2014-03-28 04:27:53','2014-03-28 04:27:53');
/*!40000 ALTER TABLE `student_klasses` ENABLE KEYS */;
UNLOCK TABLES;
/*!40103 SET TIME_ZONE=@OLD_TIME_ZONE */;

/*!40101 SET SQL_MODE=@OLD_SQL_MODE */;
/*!40014 SET FOREIGN_KEY_CHECKS=@OLD_FOREIGN_KEY_CHECKS */;
/*!40014 SET UNIQUE_CHECKS=@OLD_UNIQUE_CHECKS */;
/*!40101 SET CHARACTER_SET_CLIENT=@OLD_CHARACTER_SET_CLIENT */;
/*!40101 SET CHARACTER_SET_RESULTS=@OLD_CHARACTER_SET_RESULTS */;
/*!40101 SET COLLATION_CONNECTION=@OLD_COLLATION_CONNECTION */;
/*!40111 SET SQL_NOTES=@OLD_SQL_NOTES */;

-- Dump completed on 2014-04-06 21:53:47
